,lat,lon,alt,mq,chk,dht11um,dht11temp,dthour,penormal
0,-1.442338,-48.491510999999996,65.0,26.0,0,35.0,32.0,2015-12-17 08:31:20,0.07407407407407407
1,-1.442338,-48.491510999999996,65.0,26.0,0,35.0,32.0,2015-12-17 08:31:20,0.07407407407407407
2,-1.44232,-48.491423,-13.0,32.0,0,35.0,32.0,2015-12-17 08:31:36,0.2962962962962963
3,-1.44232,-48.491423,-13.0,32.0,0,35.0,32.0,2015-12-17 08:31:36,0.2962962962962963
4,-1.442326,-48.491411,-15.0,32.0,0,35.0,32.0,2015-12-17 08:31:37,0.2962962962962963
5,-1.442326,-48.491411,-15.0,32.0,0,35.0,32.0,2015-12-17 08:31:37,0.2962962962962963
6,-1.442345,-48.491325,-17.0,35.0,0,35.0,31.0,2015-12-17 08:31:43,0.4074074074074074
7,-1.442345,-48.491325,-17.0,36.0,0,35.0,31.0,2015-12-17 08:31:43,0.4444444444444444
8,-1.4423489999999999,-48.491306,-17.0,36.0,0,35.0,31.0,2015-12-17 08:31:44,0.4444444444444444
9,-1.4423860000000002,-48.491228,-17.0,37.0,0,35.0,31.0,2015-12-17 08:31:52,0.48148148148148145
10,-1.4423860000000002,-48.491228,-17.0,37.0,0,35.0,31.0,2015-12-17 08:31:52,0.48148148148148145
11,-1.442394,-48.491222,-19.0,37.0,0,35.0,31.0,2015-12-17 08:31:53,0.48148148148148145
12,-1.442394,-48.491222,-19.0,38.0,0,35.0,31.0,2015-12-17 08:31:53,0.5185185185185185
13,-1.442451,-48.491282,-18.0,41.0,0,35.0,31.0,2015-12-17 08:32:24,0.6296296296296297
14,-1.442451,-48.491282,-18.0,41.0,0,35.0,31.0,2015-12-17 08:32:24,0.6296296296296297
15,-1.442451,-48.491292,-16.0,41.0,0,35.0,31.0,2015-12-17 08:32:25,0.6296296296296297
16,-1.442451,-48.491292,-16.0,41.0,0,35.0,31.0,2015-12-17 08:32:25,0.6296296296296297
17,-1.442497,-48.491214,-14.0,37.0,0,35.0,31.0,2015-12-17 08:32:57,0.48148148148148145
18,-1.442497,-48.491214,-14.0,37.0,0,35.0,31.0,2015-12-17 08:32:57,0.48148148148148145
19,-1.442508,-48.491202,-14.0,37.0,0,35.0,31.0,2015-12-17 08:32:58,0.48148148148148145
20,-1.442508,-48.491202,-14.0,37.0,0,35.0,31.0,2015-12-17 08:32:58,0.48148148148148145
21,-1.442561,-48.491149,-16.0,37.0,0,35.0,31.0,2015-12-17 08:33:01,0.48148148148148145
22,-1.442561,-48.491149,-16.0,37.0,0,35.0,31.0,2015-12-17 08:33:01,0.48148148148148145
23,-1.4425780000000001,-48.491137,-16.0,37.0,0,35.0,31.0,2015-12-17 08:33:02,0.48148148148148145
24,-1.442634,-48.491068,-13.0,37.0,0,35.0,31.0,2015-12-17 08:33:08,0.48148148148148145
25,-1.44264,-48.491059,-12.0,37.0,0,35.0,31.0,2015-12-17 08:33:08,0.48148148148148145
26,-1.442693,-48.49100000000001,-13.0,37.0,0,35.0,31.0,2015-12-17 08:33:16,0.48148148148148145
27,-1.442693,-48.49100000000001,-13.0,37.0,0,35.0,31.0,2015-12-17 08:33:16,0.48148148148148145
28,-1.4427,-48.490989,-13.0,37.0,0,35.0,31.0,2015-12-17 08:33:17,0.48148148148148145
29,-1.4427,-48.490989,-13.0,37.0,0,36.0,30.0,2015-12-17 08:33:17,0.48148148148148145
30,-1.4427379999999999,-48.490916999999996,-14.0,37.0,0,35.0,31.0,2015-12-17 08:33:22,0.48148148148148145
31,-1.4427379999999999,-48.490916999999996,-14.0,37.0,0,36.0,30.0,2015-12-17 08:33:22,0.48148148148148145
32,-1.442748,-48.490905,-15.0,37.0,0,35.0,31.0,2015-12-17 08:33:23,0.48148148148148145
33,-1.442748,-48.490905,-15.0,37.0,0,35.0,31.0,2015-12-17 08:33:23,0.48148148148148145
34,-1.442776,-48.490823999999996,-19.0,37.0,0,35.0,31.0,2015-12-17 08:33:28,0.48148148148148145
35,-1.442776,-48.490823999999996,-19.0,37.0,0,35.0,31.0,2015-12-17 08:33:28,0.48148148148148145
36,-1.442783,-48.490805,-17.0,37.0,0,35.0,31.0,2015-12-17 08:33:29,0.48148148148148145
37,-1.442783,-48.490805,-17.0,37.0,0,35.0,31.0,2015-12-17 08:33:29,0.48148148148148145
38,-1.4428040000000002,-48.490736,-17.0,37.0,0,35.0,31.0,2015-12-17 08:33:33,0.48148148148148145
39,-1.4428040000000002,-48.490736,-17.0,37.0,0,35.0,31.0,2015-12-17 08:33:33,0.48148148148148145
40,-1.442807,-48.490717,-17.0,37.0,0,35.0,31.0,2015-12-17 08:33:34,0.48148148148148145
41,-1.442807,-48.490717,-17.0,37.0,0,35.0,31.0,2015-12-17 08:33:34,0.48148148148148145
42,-1.442795,-48.490629999999996,-16.0,39.0,0,35.0,31.0,2015-12-17 08:33:41,0.5555555555555556
43,-1.442798,-48.490615999999996,-17.0,40.0,0,35.0,31.0,2015-12-17 08:33:42,0.5925925925925926
44,-1.442798,-48.490615999999996,-17.0,41.0,0,35.0,31.0,2015-12-17 08:33:42,0.6296296296296297
45,-1.442811,-48.490544,-15.0,42.0,0,35.0,31.0,2015-12-17 08:33:46,0.6666666666666666
46,-1.442811,-48.490544,-15.0,42.0,0,35.0,31.0,2015-12-17 08:33:46,0.6666666666666666
47,-1.442817,-48.490525,-16.0,41.0,0,35.0,31.0,2015-12-17 08:33:47,0.6296296296296297
48,-1.442867,-48.490459,-19.0,40.0,0,37.0,30.0,2015-12-17 08:34:11,0.5925925925925926
49,-1.442867,-48.490459,-19.0,41.0,0,37.0,30.0,2015-12-17 08:34:11,0.6296296296296297
50,-1.4428729999999999,-48.49045,-21.0,40.0,0,37.0,30.0,2015-12-17 08:34:13,0.5925925925925926
51,-1.4428729999999999,-48.49045,-21.0,40.0,0,37.0,30.0,2015-12-17 08:34:13,0.5925925925925926
52,-1.442915,-48.490382000000004,-33.0,38.0,0,37.0,30.0,2015-12-17 08:34:19,0.5185185185185185
53,-1.442915,-48.490382000000004,-33.0,38.0,0,37.0,30.0,2015-12-17 08:34:19,0.5185185185185185
54,-1.442922,-48.490369,-33.0,38.0,0,37.0,30.0,2015-12-17 08:34:20,0.5185185185185185
55,-1.442922,-48.490369,-33.0,38.0,0,37.0,30.0,2015-12-17 08:34:20,0.5185185185185185
56,-1.442987,-48.490315,-35.0,39.0,0,37.0,30.0,2015-12-17 08:34:27,0.5555555555555556
57,-1.443,-48.4903,-36.0,39.0,0,37.0,30.0,2015-12-17 08:34:28,0.5555555555555556
58,-1.443,-48.4903,-36.0,39.0,0,37.0,30.0,2015-12-17 08:34:28,0.5555555555555556
59,-1.443052,-48.490249,-35.0,39.0,0,37.0,30.0,2015-12-17 08:34:31,0.5555555555555556
60,-1.443052,-48.490249,-35.0,39.0,0,37.0,30.0,2015-12-17 08:34:31,0.5555555555555556
61,-1.443065,-48.490235999999996,-34.0,39.0,0,37.0,30.0,2015-12-17 08:34:32,0.5555555555555556
62,-1.443125,-48.49018,-30.0,39.0,0,37.0,30.0,2015-12-17 08:34:36,0.5555555555555556
63,-1.443125,-48.49018,-30.0,39.0,0,37.0,30.0,2015-12-17 08:34:36,0.5555555555555556
64,-1.4431370000000001,-48.490165000000005,-31.0,39.0,0,37.0,30.0,2015-12-17 08:34:37,0.5555555555555556
65,-1.4431370000000001,-48.490165000000005,-31.0,39.0,0,37.0,30.0,2015-12-17 08:34:37,0.5555555555555556
66,-1.4431690000000001,-48.490085,-33.0,40.0,0,36.0,31.0,2015-12-17 08:34:44,0.5925925925925926
67,-1.443181,-48.490082,-31.0,40.0,0,36.0,31.0,2015-12-17 08:34:45,0.5925925925925926
68,-1.443181,-48.490082,-31.0,40.0,0,36.0,31.0,2015-12-17 08:34:45,0.5925925925925926
69,-1.4432479999999999,-48.490035,-34.0,40.0,0,36.0,31.0,2015-12-17 08:34:53,0.5925925925925926
70,-1.443255,-48.490021999999996,-36.0,40.0,0,36.0,31.0,2015-12-17 08:34:53,0.5925925925925926
71,-1.4432479999999999,-48.490035,-34.0,39.0,0,36.0,31.0,2015-12-17 08:34:53,0.5555555555555556
72,-1.443255,-48.490021999999996,-36.0,39.0,0,36.0,31.0,2015-12-17 08:34:53,0.5555555555555556
73,-1.443287,-48.489945,-38.0,39.0,0,36.0,31.0,2015-12-17 08:35:00,0.5555555555555556
74,-1.443287,-48.489945,-38.0,39.0,0,36.0,31.0,2015-12-17 08:35:00,0.5555555555555556
75,-1.443296,-48.489934000000005,-37.0,39.0,0,36.0,31.0,2015-12-17 08:35:01,0.5555555555555556
76,-1.443318,-48.48985,-33.0,44.0,0,36.0,31.0,2015-12-17 08:35:07,0.7407407407407407
77,-1.443318,-48.48985,-33.0,45.0,0,36.0,31.0,2015-12-17 08:35:07,0.7777777777777778
78,-1.4433200000000002,-48.489835,-32.0,44.0,0,36.0,31.0,2015-12-17 08:35:08,0.7407407407407407
79,-1.4433200000000002,-48.489835,-32.0,44.0,0,36.0,31.0,2015-12-17 08:35:08,0.7407407407407407
80,-1.443333,-48.489755,-36.0,41.0,0,36.0,31.0,2015-12-17 08:35:13,0.6296296296296297
81,-1.443333,-48.489755,-36.0,41.0,0,36.0,31.0,2015-12-17 08:35:13,0.6296296296296297
82,-1.44336,-48.489743,-32.0,41.0,0,36.0,31.0,2015-12-17 08:35:14,0.6296296296296297
83,-1.44336,-48.489743,-32.0,41.0,0,36.0,31.0,2015-12-17 08:35:14,0.6296296296296297
84,-1.443444,-48.489734999999996,-31.0,40.0,0,36.0,31.0,2015-12-17 08:35:16,0.5925925925925926
85,-1.443444,-48.489734999999996,-31.0,40.0,0,36.0,31.0,2015-12-17 08:35:16,0.5925925925925926
86,-1.4434879999999999,-48.489734000000006,-28.0,40.0,0,36.0,31.0,2015-12-17 08:35:17,0.5925925925925926
87,-1.4434879999999999,-48.489734000000006,-28.0,40.0,0,36.0,31.0,2015-12-17 08:35:17,0.5925925925925926
88,-1.443557,-48.489729,-32.0,40.0,0,36.0,31.0,2015-12-17 08:35:20,0.5925925925925926
89,-1.443584,-48.489721,-34.0,40.0,0,36.0,31.0,2015-12-17 08:35:20,0.5925925925925926
90,-1.443557,-48.489729,-32.0,40.0,0,36.0,31.0,2015-12-17 08:35:20,0.5925925925925926
91,-1.443584,-48.489721,-34.0,40.0,0,36.0,31.0,2015-12-17 08:35:20,0.5925925925925926
92,-1.4436639999999998,-48.489686,-32.0,47.0,0,36.0,31.0,2015-12-17 08:35:24,0.8518518518518519
93,-1.4436639999999998,-48.489686,-32.0,46.0,0,36.0,31.0,2015-12-17 08:35:24,0.8148148148148148
94,-1.4436799999999999,-48.489677,-31.0,49.0,0,36.0,31.0,2015-12-17 08:35:25,0.9259259259259259
95,-1.4436799999999999,-48.489677,-31.0,46.0,0,36.0,31.0,2015-12-17 08:35:25,0.8148148148148148
96,-1.443743,-48.489616999999996,-32.0,38.0,0,36.0,31.0,2015-12-17 08:35:32,0.5185185185185185
97,-1.443749,-48.489614,-31.0,38.0,0,36.0,31.0,2015-12-17 08:35:32,0.5185185185185185
98,-1.443743,-48.489616999999996,-32.0,38.0,0,36.0,31.0,2015-12-17 08:35:32,0.5185185185185185
99,-1.443749,-48.489614,-31.0,38.0,0,36.0,31.0,2015-12-17 08:35:32,0.5185185185185185
100,-1.443827,-48.489591,-29.0,37.0,0,36.0,31.0,2015-12-17 08:35:38,0.48148148148148145
101,-1.443827,-48.489591,-29.0,36.0,0,36.0,31.0,2015-12-17 08:35:38,0.4444444444444444
102,-1.443846,-48.489581,-27.0,36.0,0,36.0,31.0,2015-12-17 08:35:39,0.4444444444444444
103,-1.443846,-48.489581,-27.0,37.0,0,36.0,31.0,2015-12-17 08:35:39,0.48148148148148145
104,-1.443906,-48.489540999999996,-24.0,37.0,0,36.0,31.0,2015-12-17 08:35:42,0.48148148148148145
105,-1.443906,-48.489540999999996,-24.0,37.0,0,36.0,31.0,2015-12-17 08:35:42,0.48148148148148145
106,-1.443921,-48.489526,-23.0,38.0,0,36.0,31.0,2015-12-17 08:35:43,0.5185185185185185
107,-1.443921,-48.489526,-23.0,38.0,0,36.0,31.0,2015-12-17 08:35:43,0.5185185185185185
108,-1.443992,-48.489473,-22.0,38.0,0,36.0,31.0,2015-12-17 08:35:48,0.5185185185185185
109,-1.443992,-48.489473,-22.0,38.0,0,36.0,31.0,2015-12-17 08:35:48,0.5185185185185185
110,-1.4440030000000001,-48.489463,-21.0,39.0,0,36.0,31.0,2015-12-17 08:35:49,0.5555555555555556
111,-1.4440030000000001,-48.489463,-21.0,38.0,0,36.0,31.0,2015-12-17 08:35:49,0.5185185185185185
112,-1.44408,-48.489437,-22.0,37.0,0,36.0,31.0,2015-12-17 08:35:56,0.48148148148148145
113,-1.444099,-48.489436,-22.0,37.0,0,36.0,31.0,2015-12-17 08:35:56,0.48148148148148145
114,-1.44408,-48.489437,-22.0,37.0,0,36.0,31.0,2015-12-17 08:35:56,0.48148148148148145
115,-1.444099,-48.489436,-22.0,37.0,0,36.0,31.0,2015-12-17 08:35:56,0.48148148148148145
116,-1.444185,-48.489416,-25.0,37.0,0,36.0,31.0,2015-12-17 08:36:02,0.48148148148148145
117,-1.444185,-48.489416,-25.0,36.0,0,36.0,31.0,2015-12-17 08:36:02,0.4444444444444444
118,-1.444213,-48.489414000000004,-26.0,36.0,0,36.0,31.0,2015-12-17 08:36:03,0.4444444444444444
119,-1.444245,-48.489340999999996,-23.0,35.0,0,36.0,31.0,2015-12-17 08:36:11,0.4074074074074074
120,-1.444245,-48.489340999999996,-23.0,35.0,0,36.0,31.0,2015-12-17 08:36:11,0.4074074074074074
121,-1.4442540000000001,-48.489329999999995,-23.0,36.0,0,36.0,31.0,2015-12-17 08:36:12,0.4444444444444444
122,-1.4442540000000001,-48.489329999999995,-23.0,36.0,0,36.0,31.0,2015-12-17 08:36:12,0.4444444444444444
123,-1.444297,-48.489253000000005,-22.0,35.0,0,36.0,31.0,2015-12-17 08:36:21,0.4074074074074074
124,-1.444297,-48.489253000000005,-22.0,35.0,0,36.0,32.0,2015-12-17 08:36:21,0.4074074074074074
125,-1.444304,-48.48925,-22.0,35.0,0,36.0,32.0,2015-12-17 08:36:22,0.4074074074074074
126,-1.444304,-48.48925,-22.0,35.0,0,36.0,32.0,2015-12-17 08:36:22,0.4074074074074074
127,-1.444377,-48.489217,-23.0,35.0,0,36.0,32.0,2015-12-17 08:36:28,0.4074074074074074
128,-1.444377,-48.489217,-23.0,35.0,0,36.0,32.0,2015-12-17 08:36:28,0.4074074074074074
129,-1.444393,-48.489204,-24.0,35.0,0,36.0,32.0,2015-12-17 08:36:29,0.4074074074074074
130,-1.444393,-48.489204,-24.0,35.0,0,36.0,32.0,2015-12-17 08:36:29,0.4074074074074074
131,-1.44444,-48.489143,-24.0,34.0,0,36.0,32.0,2015-12-17 08:36:33,0.37037037037037035
132,-1.44444,-48.489143,-24.0,33.0,0,36.0,32.0,2015-12-17 08:36:33,0.3333333333333333
133,-1.444451,-48.489131,-22.0,33.0,0,36.0,32.0,2015-12-17 08:36:34,0.3333333333333333
134,-1.444451,-48.489131,-22.0,33.0,0,36.0,32.0,2015-12-17 08:36:34,0.3333333333333333
135,-1.4445219999999999,-48.489081,-16.0,33.0,0,36.0,32.0,2015-12-17 08:36:39,0.3333333333333333
136,-1.4445219999999999,-48.489081,-16.0,33.0,0,36.0,32.0,2015-12-17 08:36:39,0.3333333333333333
137,-1.444534,-48.489073,-15.0,33.0,0,36.0,32.0,2015-12-17 08:36:40,0.3333333333333333
138,-1.444534,-48.489073,-15.0,33.0,0,36.0,32.0,2015-12-17 08:36:40,0.3333333333333333
139,-1.444607,-48.489061,-15.0,33.0,0,34.0,33.0,2015-12-17 08:36:46,0.3333333333333333
140,-1.444624,-48.489059999999995,-15.0,33.0,0,34.0,33.0,2015-12-17 08:36:46,0.3333333333333333
141,-1.444607,-48.489061,-15.0,33.0,0,34.0,33.0,2015-12-17 08:36:46,0.3333333333333333
142,-1.444624,-48.489059999999995,-15.0,33.0,0,34.0,33.0,2015-12-17 08:36:46,0.3333333333333333
143,-1.444682,-48.488999,-21.0,33.0,0,34.0,33.0,2015-12-17 08:36:51,0.3333333333333333
144,-1.444682,-48.488999,-21.0,33.0,0,34.0,33.0,2015-12-17 08:36:51,0.3333333333333333
145,-1.444698,-48.488979,-20.0,33.0,0,34.0,33.0,2015-12-17 08:36:52,0.3333333333333333
146,-1.444698,-48.488979,-20.0,33.0,0,34.0,33.0,2015-12-17 08:36:52,0.3333333333333333
147,-1.4447139999999998,-48.488898,-19.0,33.0,0,34.0,33.0,2015-12-17 08:36:59,0.3333333333333333
148,-1.444723,-48.488887,-19.0,33.0,0,34.0,33.0,2015-12-17 08:37:00,0.3333333333333333
149,-1.444723,-48.488887,-19.0,33.0,0,34.0,33.0,2015-12-17 08:37:00,0.3333333333333333
150,-1.444785,-48.488833,-21.0,33.0,0,34.0,33.0,2015-12-17 08:37:06,0.3333333333333333
151,-1.444785,-48.488833,-21.0,33.0,0,34.0,33.0,2015-12-17 08:37:06,0.3333333333333333
152,-1.4447969999999999,-48.48883,-20.0,33.0,0,34.0,33.0,2015-12-17 08:37:07,0.3333333333333333
153,-1.4447969999999999,-48.48883,-20.0,33.0,0,34.0,33.0,2015-12-17 08:37:07,0.3333333333333333
154,-1.444876,-48.488859999999995,-21.0,33.0,0,34.0,33.0,2015-12-17 08:37:13,0.3333333333333333
155,-1.444876,-48.488859999999995,-21.0,33.0,0,34.0,33.0,2015-12-17 08:37:13,0.3333333333333333
156,-1.444884,-48.488852,-22.0,33.0,0,34.0,33.0,2015-12-17 08:37:14,0.3333333333333333
157,-1.444884,-48.488852,-22.0,33.0,0,34.0,33.0,2015-12-17 08:37:14,0.3333333333333333
158,-1.444957,-48.488822,-19.0,32.0,0,34.0,33.0,2015-12-17 08:37:22,0.2962962962962963
159,-1.4449670000000001,-48.488815,-18.0,32.0,0,34.0,33.0,2015-12-17 08:37:23,0.2962962962962963
160,-1.4449670000000001,-48.488815,-18.0,32.0,0,34.0,33.0,2015-12-17 08:37:23,0.2962962962962963
161,-1.445035,-48.488757,-16.0,32.0,0,34.0,34.0,2015-12-17 08:37:30,0.2962962962962963
162,-1.445035,-48.488757,-16.0,32.0,0,34.0,34.0,2015-12-17 08:37:30,0.2962962962962963
163,-1.4450459999999998,-48.488747,-17.0,32.0,0,34.0,34.0,2015-12-17 08:37:31,0.2962962962962963
164,-1.4450459999999998,-48.488747,-17.0,33.0,0,34.0,34.0,2015-12-17 08:37:31,0.3333333333333333
165,-1.445101,-48.488683,-17.0,35.0,0,34.0,34.0,2015-12-17 08:37:36,0.4074074074074074
166,-1.445101,-48.488683,-17.0,35.0,0,34.0,34.0,2015-12-17 08:37:36,0.4074074074074074
167,-1.445116,-48.488662,-16.0,35.0,0,34.0,34.0,2015-12-17 08:37:37,0.4074074074074074
168,-1.445116,-48.488662,-16.0,35.0,0,34.0,34.0,2015-12-17 08:37:37,0.4074074074074074
169,-1.445157,-48.488603999999995,-19.0,34.0,0,34.0,34.0,2015-12-17 08:37:40,0.37037037037037035
170,-1.445157,-48.488603999999995,-19.0,34.0,0,34.0,34.0,2015-12-17 08:37:40,0.37037037037037035
171,-1.4451690000000001,-48.488587,-21.0,35.0,0,34.0,34.0,2015-12-17 08:37:41,0.4074074074074074
172,-1.4451690000000001,-48.488587,-21.0,35.0,0,34.0,34.0,2015-12-17 08:37:41,0.4074074074074074
173,-1.445217,-48.488525,-20.0,33.0,0,34.0,34.0,2015-12-17 08:37:45,0.3333333333333333
174,-1.445217,-48.488525,-20.0,33.0,0,34.0,34.0,2015-12-17 08:37:45,0.3333333333333333
175,-1.445225,-48.488510999999995,-18.0,33.0,0,34.0,34.0,2015-12-17 08:37:46,0.3333333333333333
176,-1.445225,-48.488510999999995,-18.0,33.0,0,34.0,34.0,2015-12-17 08:37:46,0.3333333333333333
177,-1.445299,-48.488461,-15.0,32.0,0,34.0,34.0,2015-12-17 08:37:53,0.2962962962962963
178,-1.445299,-48.488461,-15.0,32.0,0,34.0,34.0,2015-12-17 08:37:53,0.2962962962962963
179,-1.4453120000000002,-48.488461,-16.0,32.0,0,34.0,34.0,2015-12-17 08:37:54,0.2962962962962963
180,-1.4453120000000002,-48.488461,-16.0,32.0,0,34.0,34.0,2015-12-17 08:37:54,0.2962962962962963
181,-1.445387,-48.488417999999996,-16.0,33.0,0,33.0,34.0,2015-12-17 08:38:00,0.3333333333333333
182,-1.4454040000000001,-48.488407,-16.0,33.0,0,34.0,34.0,2015-12-17 08:38:01,0.3333333333333333
183,-1.4454040000000001,-48.488407,-16.0,33.0,0,33.0,34.0,2015-12-17 08:38:01,0.3333333333333333
184,-1.445459,-48.48835,-12.0,33.0,0,33.0,34.0,2015-12-17 08:38:07,0.3333333333333333
185,-1.445459,-48.48835,-12.0,33.0,0,33.0,34.0,2015-12-17 08:38:07,0.3333333333333333
186,-1.4454690000000001,-48.488343,-13.0,33.0,0,33.0,34.0,2015-12-17 08:38:08,0.3333333333333333
187,-1.4454690000000001,-48.488343,-13.0,33.0,0,33.0,34.0,2015-12-17 08:38:08,0.3333333333333333
188,-1.445529,-48.488284,-19.0,32.0,0,33.0,34.0,2015-12-17 08:38:14,0.2962962962962963
189,-1.445529,-48.488284,-19.0,32.0,0,33.0,34.0,2015-12-17 08:38:14,0.2962962962962963
190,-1.445539,-48.488273,-19.0,32.0,0,33.0,34.0,2015-12-17 08:38:15,0.2962962962962963
191,-1.445539,-48.488273,-19.0,32.0,0,33.0,34.0,2015-12-17 08:38:15,0.2962962962962963
192,-1.445582,-48.488213,-25.0,32.0,0,33.0,34.0,2015-12-17 08:38:22,0.2962962962962963
193,-1.4455959999999999,-48.488201000000004,-26.0,32.0,0,33.0,34.0,2015-12-17 08:38:22,0.2962962962962963
194,-1.445582,-48.488213,-25.0,31.0,0,33.0,34.0,2015-12-17 08:38:22,0.25925925925925924
195,-1.4455959999999999,-48.488201000000004,-26.0,31.0,0,33.0,34.0,2015-12-17 08:38:22,0.25925925925925924
196,-1.445671,-48.488167,-22.0,32.0,0,33.0,34.0,2015-12-17 08:38:28,0.2962962962962963
197,-1.445683,-48.488163,-21.0,32.0,0,33.0,34.0,2015-12-17 08:38:29,0.2962962962962963
198,-1.445683,-48.488163,-21.0,32.0,0,33.0,34.0,2015-12-17 08:38:29,0.2962962962962963
199,-1.445757,-48.488131,-15.0,32.0,0,33.0,34.0,2015-12-17 08:38:36,0.2962962962962963
200,-1.445757,-48.488131,-15.0,32.0,0,33.0,34.0,2015-12-17 08:38:36,0.2962962962962963
201,-1.44577,-48.488127,-15.0,31.0,0,33.0,34.0,2015-12-17 08:38:37,0.25925925925925924
202,-1.44577,-48.488127,-15.0,31.0,0,33.0,34.0,2015-12-17 08:38:37,0.25925925925925924
203,-1.4458309999999999,-48.488065,-18.0,30.0,0,33.0,34.0,2015-12-17 08:38:47,0.2222222222222222
204,-1.4458309999999999,-48.488065,-18.0,30.0,0,33.0,34.0,2015-12-17 08:38:47,0.2222222222222222
205,-1.445835,-48.488057,-17.0,30.0,0,33.0,34.0,2015-12-17 08:38:48,0.2222222222222222
206,-1.445835,-48.488057,-17.0,30.0,0,33.0,34.0,2015-12-17 08:38:48,0.2222222222222222
207,-1.445905,-48.488012,-20.0,30.0,0,33.0,34.0,2015-12-17 08:38:54,0.2222222222222222
208,-1.445905,-48.488012,-20.0,30.0,0,33.0,34.0,2015-12-17 08:38:54,0.2222222222222222
209,-1.445926,-48.488002,-20.0,30.0,0,33.0,34.0,2015-12-17 08:38:55,0.2222222222222222
210,-1.4459959999999998,-48.487958,-19.0,30.0,0,33.0,34.0,2015-12-17 08:38:59,0.2222222222222222
211,-1.4459959999999998,-48.487958,-19.0,30.0,0,33.0,34.0,2015-12-17 08:38:59,0.2222222222222222
212,-1.446012,-48.487952,-19.0,30.0,0,33.0,34.0,2015-12-17 08:39:00,0.2222222222222222
213,-1.446012,-48.487952,-19.0,30.0,0,33.0,34.0,2015-12-17 08:39:00,0.2222222222222222
214,-1.446083,-48.487906,-19.0,31.0,0,33.0,34.0,2015-12-17 08:39:05,0.25925925925925924
215,-1.446083,-48.487906,-19.0,31.0,0,33.0,34.0,2015-12-17 08:39:05,0.25925925925925924
216,-1.446097,-48.487896,-17.0,31.0,0,33.0,34.0,2015-12-17 08:39:06,0.25925925925925924
217,-1.446097,-48.487896,-17.0,32.0,0,33.0,34.0,2015-12-17 08:39:06,0.2962962962962963
218,-1.446065,-48.487821999999994,-25.0,32.0,0,33.0,33.0,2015-12-17 08:39:17,0.2962962962962963
219,-1.446048,-48.487817,-25.0,32.0,0,33.0,33.0,2015-12-17 08:39:17,0.2962962962962963
220,-1.446065,-48.487821999999994,-25.0,32.0,0,33.0,33.0,2015-12-17 08:39:17,0.2962962962962963
221,-1.446048,-48.487817,-25.0,32.0,0,33.0,33.0,2015-12-17 08:39:17,0.2962962962962963
222,-1.445993,-48.487759999999994,-18.0,32.0,0,33.0,33.0,2015-12-17 08:39:22,0.2962962962962963
223,-1.445993,-48.487759999999994,-18.0,31.0,0,33.0,33.0,2015-12-17 08:39:22,0.25925925925925924
224,-1.4459899999999999,-48.487746,-18.0,31.0,0,33.0,33.0,2015-12-17 08:39:23,0.25925925925925924
225,-1.445962,-48.487679,-15.0,32.0,0,33.0,33.0,2015-12-17 08:39:27,0.2962962962962963
226,-1.445962,-48.487679,-15.0,31.0,0,33.0,33.0,2015-12-17 08:39:27,0.25925925925925924
227,-1.4459520000000001,-48.487662,-15.0,31.0,0,33.0,33.0,2015-12-17 08:39:28,0.25925925925925924
228,-1.4459520000000001,-48.487662,-15.0,31.0,0,33.0,33.0,2015-12-17 08:39:28,0.25925925925925924
229,-1.4459819999999999,-48.487581,-16.0,31.0,0,34.0,32.0,2015-12-17 08:39:35,0.25925925925925924
230,-1.4459819999999999,-48.487581,-16.0,31.0,0,34.0,32.0,2015-12-17 08:39:35,0.25925925925925924
231,-1.445983,-48.487569,-16.0,31.0,0,34.0,32.0,2015-12-17 08:39:36,0.25925925925925924
232,-1.445983,-48.487569,-16.0,32.0,0,34.0,32.0,2015-12-17 08:39:36,0.2962962962962963
233,-1.445998,-48.487487,-21.0,45.0,0,34.0,32.0,2015-12-17 08:39:45,0.7777777777777778
234,-1.445998,-48.487487,-21.0,43.0,0,34.0,32.0,2015-12-17 08:39:45,0.7037037037037037
235,-1.445991,-48.487473,-21.0,42.0,0,34.0,32.0,2015-12-17 08:39:46,0.6666666666666666
236,-1.4459520000000001,-48.487408,-19.0,40.0,0,34.0,32.0,2015-12-17 08:39:50,0.5925925925925926
237,-1.4459520000000001,-48.487408,-19.0,40.0,0,34.0,32.0,2015-12-17 08:39:50,0.5925925925925926
238,-1.445942,-48.487393,-21.0,40.0,0,34.0,32.0,2015-12-17 08:39:51,0.5925925925925926
239,-1.445907,-48.487325,-19.0,39.0,0,34.0,32.0,2015-12-17 08:39:55,0.5555555555555556
240,-1.445907,-48.487325,-19.0,39.0,0,34.0,32.0,2015-12-17 08:39:55,0.5555555555555556
241,-1.445899,-48.487309,-19.0,39.0,0,34.0,32.0,2015-12-17 08:39:56,0.5555555555555556
242,-1.445899,-48.487309,-19.0,38.0,0,34.0,32.0,2015-12-17 08:39:56,0.5185185185185185
243,-1.445858,-48.487234,-18.0,38.0,0,34.0,32.0,2015-12-17 08:40:02,0.5185185185185185
244,-1.4458520000000001,-48.487225,-19.0,37.0,0,34.0,31.0,2015-12-17 08:40:03,0.48148148148148145
245,-1.4458520000000001,-48.487225,-19.0,37.0,0,34.0,32.0,2015-12-17 08:40:03,0.48148148148148145
246,-1.445806,-48.487161,-22.0,36.0,0,34.0,32.0,2015-12-17 08:40:08,0.4444444444444444
247,-1.445798,-48.487151000000004,-21.0,36.0,0,34.0,32.0,2015-12-17 08:40:09,0.4444444444444444
248,-1.445798,-48.487151000000004,-21.0,36.0,0,34.0,32.0,2015-12-17 08:40:09,0.4444444444444444
249,-1.445743,-48.487082,-28.0,36.0,0,34.0,32.0,2015-12-17 08:40:18,0.4444444444444444
250,-1.445743,-48.487082,-28.0,36.0,0,34.0,32.0,2015-12-17 08:40:18,0.4444444444444444
251,-1.4457360000000001,-48.487066999999996,-27.0,36.0,0,34.0,32.0,2015-12-17 08:40:19,0.4444444444444444
252,-1.445703,-48.486992,-20.0,37.0,0,34.0,32.0,2015-12-17 08:40:23,0.48148148148148145
253,-1.445703,-48.486992,-20.0,37.0,0,34.0,32.0,2015-12-17 08:40:23,0.48148148148148145
254,-1.445699,-48.486979999999996,-19.0,37.0,0,34.0,32.0,2015-12-17 08:40:24,0.48148148148148145
255,-1.445682,-48.486896,-13.0,36.0,0,34.0,32.0,2015-12-17 08:40:34,0.4444444444444444
256,-1.445682,-48.486896,-13.0,36.0,0,34.0,32.0,2015-12-17 08:40:34,0.4444444444444444
257,-1.4456790000000002,-48.486889,-13.0,36.0,0,34.0,32.0,2015-12-17 08:40:35,0.4444444444444444
258,-1.4456790000000002,-48.486889,-13.0,36.0,0,34.0,32.0,2015-12-17 08:40:35,0.4444444444444444
259,-1.445689,-48.486805,-11.0,36.0,0,34.0,32.0,2015-12-17 08:40:40,0.4444444444444444
260,-1.445689,-48.486805,-11.0,36.0,0,34.0,32.0,2015-12-17 08:40:40,0.4444444444444444
261,-1.445689,-48.486785,-12.0,36.0,0,34.0,32.0,2015-12-17 08:40:41,0.4444444444444444
262,-1.445673,-48.486709000000005,-13.0,35.0,0,34.0,32.0,2015-12-17 08:40:46,0.4074074074074074
263,-1.445673,-48.486709000000005,-13.0,35.0,0,34.0,32.0,2015-12-17 08:40:46,0.4074074074074074
264,-1.445671,-48.486695000000005,-13.0,35.0,0,34.0,32.0,2015-12-17 08:40:47,0.4074074074074074
265,-1.445663,-48.486619,-11.0,34.0,0,34.0,32.0,2015-12-17 08:40:52,0.37037037037037035
266,-1.445663,-48.486619,-11.0,34.0,0,34.0,32.0,2015-12-17 08:40:52,0.37037037037037035
267,-1.445656,-48.486605,-10.0,34.0,0,34.0,32.0,2015-12-17 08:40:53,0.37037037037037035
268,-1.445625,-48.486521999999994,-14.0,34.0,0,34.0,32.0,2015-12-17 08:41:00,0.37037037037037035
269,-1.445625,-48.486521999999994,-14.0,34.0,0,34.0,32.0,2015-12-17 08:41:00,0.37037037037037035
270,-1.4456209999999998,-48.486512,-13.0,34.0,0,34.0,32.0,2015-12-17 08:41:01,0.37037037037037035
271,-1.4456209999999998,-48.486512,-13.0,34.0,0,34.0,32.0,2015-12-17 08:41:01,0.37037037037037035
272,-1.445552,-48.486457,-15.0,33.0,0,34.0,32.0,2015-12-17 08:41:09,0.3333333333333333
273,-1.445552,-48.486457,-15.0,33.0,0,34.0,32.0,2015-12-17 08:41:09,0.3333333333333333
274,-1.445553,-48.486439000000004,-13.0,33.0,0,34.0,32.0,2015-12-17 08:41:10,0.3333333333333333
275,-1.445541,-48.486354999999996,-18.0,33.0,0,34.0,31.0,2015-12-17 08:41:15,0.3333333333333333
276,-1.445545,-48.486335,-18.0,33.0,0,34.0,31.0,2015-12-17 08:41:16,0.3333333333333333
277,-1.445545,-48.486335,-18.0,33.0,0,34.0,32.0,2015-12-17 08:41:16,0.3333333333333333
278,-1.445549,-48.486245000000004,-18.0,35.0,0,34.0,31.0,2015-12-17 08:41:23,0.4074074074074074
279,-1.445549,-48.486245000000004,-18.0,35.0,0,34.0,31.0,2015-12-17 08:41:23,0.4074074074074074
280,-1.445545,-48.486237,-17.0,35.0,0,34.0,31.0,2015-12-17 08:41:24,0.4074074074074074
281,-1.445545,-48.486237,-17.0,36.0,0,34.0,31.0,2015-12-17 08:41:24,0.4444444444444444
282,-1.445491,-48.486179,-16.0,36.0,0,34.0,31.0,2015-12-17 08:41:29,0.4444444444444444
283,-1.445491,-48.486179,-16.0,36.0,0,34.0,31.0,2015-12-17 08:41:29,0.4444444444444444
284,-1.4454799999999999,-48.486164,-15.0,35.0,0,34.0,31.0,2015-12-17 08:41:30,0.4074074074074074
285,-1.4454799999999999,-48.486164,-15.0,35.0,0,34.0,31.0,2015-12-17 08:41:30,0.4074074074074074
286,-1.445463,-48.486086,-17.0,34.0,0,34.0,31.0,2015-12-17 08:41:37,0.37037037037037035
287,-1.445463,-48.486086,-17.0,34.0,0,34.0,31.0,2015-12-17 08:41:37,0.37037037037037035
288,-1.445463,-48.486073,-18.0,34.0,0,34.0,31.0,2015-12-17 08:41:38,0.37037037037037035
289,-1.44547,-48.485997,-21.0,34.0,0,34.0,31.0,2015-12-17 08:41:43,0.37037037037037035
290,-1.445465,-48.485975,-22.0,34.0,0,34.0,31.0,2015-12-17 08:41:43,0.37037037037037035
291,-1.44547,-48.485997,-21.0,34.0,0,34.0,31.0,2015-12-17 08:41:43,0.37037037037037035
292,-1.445465,-48.485975,-22.0,34.0,0,34.0,31.0,2015-12-17 08:41:43,0.37037037037037035
293,-1.445403,-48.485917,-25.0,39.0,0,34.0,31.0,2015-12-17 08:41:51,0.5555555555555556
294,-1.445403,-48.485917,-25.0,38.0,0,34.0,31.0,2015-12-17 08:41:51,0.5185185185185185
295,-1.445393,-48.485908,-24.0,37.0,0,34.0,31.0,2015-12-17 08:41:52,0.48148148148148145
296,-1.445393,-48.485908,-24.0,37.0,0,34.0,31.0,2015-12-17 08:41:52,0.48148148148148145
297,-1.445381,-48.485819,-25.0,35.0,0,34.0,32.0,2015-12-17 08:41:57,0.4074074074074074
298,-1.445381,-48.485819,-25.0,35.0,0,34.0,32.0,2015-12-17 08:41:57,0.4074074074074074
299,-1.445367,-48.485819,-24.0,35.0,0,34.0,32.0,2015-12-17 08:41:58,0.4074074074074074
300,-1.445367,-48.485819,-24.0,35.0,0,34.0,32.0,2015-12-17 08:41:58,0.4074074074074074
301,-1.4453770000000001,-48.485737,-24.0,36.0,0,34.0,32.0,2015-12-17 08:42:05,0.4444444444444444
302,-1.4453770000000001,-48.485737,-24.0,35.0,0,34.0,32.0,2015-12-17 08:42:05,0.4074074074074074
303,-1.445382,-48.485723,-23.0,35.0,0,34.0,32.0,2015-12-17 08:42:06,0.4074074074074074
304,-1.445373,-48.485637,-27.0,35.0,0,34.0,32.0,2015-12-17 08:42:13,0.4074074074074074
305,-1.445373,-48.485637,-27.0,35.0,0,34.0,32.0,2015-12-17 08:42:13,0.4074074074074074
306,-1.445373,-48.485628000000005,-26.0,35.0,0,34.0,32.0,2015-12-17 08:42:14,0.4074074074074074
307,-1.445373,-48.485628000000005,-26.0,35.0,0,34.0,32.0,2015-12-17 08:42:14,0.4074074074074074
308,-1.445323,-48.485554,-27.0,34.0,0,33.0,33.0,2015-12-17 08:42:25,0.37037037037037035
309,-1.445323,-48.485554,-27.0,34.0,0,33.0,33.0,2015-12-17 08:42:25,0.37037037037037035
310,-1.445311,-48.485541999999995,-26.0,34.0,0,33.0,33.0,2015-12-17 08:42:26,0.37037037037037035
311,-1.445311,-48.485541999999995,-26.0,34.0,0,33.0,33.0,2015-12-17 08:42:26,0.37037037037037035
312,-1.445249,-48.485490999999996,-22.0,34.0,0,33.0,33.0,2015-12-17 08:42:33,0.37037037037037035
313,-1.445249,-48.485490999999996,-22.0,34.0,0,33.0,33.0,2015-12-17 08:42:33,0.37037037037037035
314,-1.445239,-48.485484,-23.0,34.0,0,33.0,33.0,2015-12-17 08:42:34,0.37037037037037035
315,-1.445194,-48.485409000000004,-18.0,33.0,0,33.0,33.0,2015-12-17 08:42:40,0.3333333333333333
316,-1.445186,-48.485395000000004,-17.0,33.0,0,33.0,33.0,2015-12-17 08:42:41,0.3333333333333333
317,-1.445186,-48.485395000000004,-17.0,33.0,0,33.0,33.0,2015-12-17 08:42:41,0.3333333333333333
318,-1.445159,-48.485318,-24.0,33.0,0,33.0,33.0,2015-12-17 08:42:45,0.3333333333333333
319,-1.445159,-48.485318,-24.0,33.0,0,33.0,33.0,2015-12-17 08:42:45,0.3333333333333333
320,-1.445152,-48.485298,-24.0,33.0,0,33.0,33.0,2015-12-17 08:42:46,0.3333333333333333
321,-1.445129,-48.485225,-22.0,33.0,0,33.0,33.0,2015-12-17 08:42:50,0.3333333333333333
322,-1.445129,-48.485225,-22.0,33.0,0,33.0,33.0,2015-12-17 08:42:50,0.3333333333333333
323,-1.4451209999999999,-48.485207,-22.0,33.0,0,33.0,33.0,2015-12-17 08:42:51,0.3333333333333333
324,-1.4451209999999999,-48.485207,-22.0,33.0,0,33.0,33.0,2015-12-17 08:42:51,0.3333333333333333
325,-1.4451459999999998,-48.485129,-22.0,33.0,0,33.0,33.0,2015-12-17 08:42:57,0.3333333333333333
326,-1.445152,-48.485118,-22.0,33.0,0,33.0,33.0,2015-12-17 08:42:58,0.3333333333333333
327,-1.445152,-48.485118,-22.0,33.0,0,33.0,33.0,2015-12-17 08:42:58,0.3333333333333333
328,-1.445122,-48.485037,-24.0,33.0,0,33.0,33.0,2015-12-17 08:43:04,0.3333333333333333
329,-1.445122,-48.485037,-24.0,33.0,0,33.0,33.0,2015-12-17 08:43:04,0.3333333333333333
330,-1.445107,-48.485023,-25.0,33.0,0,33.0,33.0,2015-12-17 08:43:05,0.3333333333333333
331,-1.445107,-48.485023,-25.0,33.0,0,33.0,33.0,2015-12-17 08:43:05,0.3333333333333333
332,-1.445072,-48.484944,-22.0,32.0,0,34.0,32.0,2015-12-17 08:43:11,0.2962962962962963
333,-1.445072,-48.484944,-22.0,32.0,0,34.0,32.0,2015-12-17 08:43:11,0.2962962962962963
334,-1.4450610000000002,-48.484931,-19.0,32.0,0,34.0,32.0,2015-12-17 08:43:12,0.2962962962962963
335,-1.4450610000000002,-48.484931,-19.0,32.0,0,34.0,32.0,2015-12-17 08:43:12,0.2962962962962963
336,-1.445019,-48.484857,-17.0,32.0,0,34.0,32.0,2015-12-17 08:43:18,0.2962962962962963
337,-1.445019,-48.484857,-17.0,32.0,0,34.0,32.0,2015-12-17 08:43:18,0.2962962962962963
338,-1.4450129999999999,-48.484843,-17.0,32.0,0,34.0,32.0,2015-12-17 08:43:19,0.2962962962962963
339,-1.4450129999999999,-48.484843,-17.0,32.0,0,34.0,32.0,2015-12-17 08:43:19,0.2962962962962963
340,-1.444982,-48.484761,-20.0,32.0,0,34.0,32.0,2015-12-17 08:43:24,0.2962962962962963
341,-1.444982,-48.484761,-20.0,31.0,0,34.0,32.0,2015-12-17 08:43:24,0.25925925925925924
342,-1.44498,-48.484746,-20.0,31.0,0,34.0,32.0,2015-12-17 08:43:25,0.25925925925925924
343,-1.44498,-48.484746,-20.0,31.0,0,34.0,32.0,2015-12-17 08:43:25,0.25925925925925924
344,-1.4449809999999998,-48.484664,-28.0,31.0,0,34.0,32.0,2015-12-17 08:43:30,0.25925925925925924
345,-1.4449809999999998,-48.484664,-28.0,31.0,0,34.0,32.0,2015-12-17 08:43:30,0.25925925925925924
346,-1.444984,-48.484646000000005,-31.0,31.0,0,34.0,32.0,2015-12-17 08:43:31,0.25925925925925924
347,-1.444975,-48.484565,-28.0,31.0,0,34.0,32.0,2015-12-17 08:43:36,0.25925925925925924
348,-1.444975,-48.484565,-28.0,31.0,0,34.0,32.0,2015-12-17 08:43:36,0.25925925925925924
349,-1.444969,-48.484552,-29.0,31.0,0,34.0,32.0,2015-12-17 08:43:37,0.25925925925925924
350,-1.444964,-48.484468,-26.0,32.0,0,34.0,32.0,2015-12-17 08:43:45,0.2962962962962963
351,-1.444964,-48.484468,-26.0,32.0,0,34.0,32.0,2015-12-17 08:43:45,0.2962962962962963
352,-1.444965,-48.484458000000004,-25.0,32.0,0,34.0,32.0,2015-12-17 08:43:46,0.2962962962962963
353,-1.444965,-48.484458000000004,-25.0,32.0,0,34.0,32.0,2015-12-17 08:43:46,0.2962962962962963
354,-1.4449,-48.484409,-25.0,31.0,0,34.0,32.0,2015-12-17 08:43:54,0.25925925925925924
355,-1.4448940000000001,-48.484390000000005,-24.0,31.0,0,34.0,32.0,2015-12-17 08:43:55,0.25925925925925924
356,-1.4448940000000001,-48.484390000000005,-24.0,31.0,0,34.0,32.0,2015-12-17 08:43:55,0.25925925925925924
357,-1.444866,-48.484312,-25.0,32.0,0,33.0,33.0,2015-12-17 08:43:58,0.2962962962962963
358,-1.444866,-48.484312,-25.0,32.0,0,33.0,33.0,2015-12-17 08:43:58,0.2962962962962963
359,-1.444863,-48.484293,-24.0,32.0,0,33.0,33.0,2015-12-17 08:43:59,0.2962962962962963
360,-1.444863,-48.484293,-24.0,32.0,0,33.0,33.0,2015-12-17 08:43:59,0.2962962962962963
361,-1.4448379999999998,-48.484213000000004,-17.0,34.0,0,33.0,33.0,2015-12-17 08:44:07,0.37037037037037035
362,-1.4448379999999998,-48.484213000000004,-17.0,34.0,0,33.0,33.0,2015-12-17 08:44:07,0.37037037037037035
363,-1.444832,-48.484204999999996,-16.0,34.0,0,33.0,33.0,2015-12-17 08:44:08,0.37037037037037035
364,-1.444832,-48.484204999999996,-16.0,34.0,0,33.0,33.0,2015-12-17 08:44:08,0.37037037037037035
365,-1.444865,-48.484134000000005,-10.0,35.0,0,33.0,33.0,2015-12-17 08:44:15,0.4074074074074074
366,-1.444865,-48.484134000000005,-10.0,35.0,0,33.0,33.0,2015-12-17 08:44:15,0.4074074074074074
367,-1.444872,-48.484124,-11.0,35.0,0,33.0,33.0,2015-12-17 08:44:16,0.4074074074074074
368,-1.444872,-48.484124,-11.0,35.0,0,33.0,33.0,2015-12-17 08:44:16,0.4074074074074074
369,-1.444872,-48.48404,-12.0,34.0,0,33.0,33.0,2015-12-17 08:44:22,0.37037037037037035
370,-1.444872,-48.48404,-12.0,34.0,0,33.0,33.0,2015-12-17 08:44:22,0.37037037037037035
371,-1.44487,-48.484028,-12.0,34.0,0,33.0,33.0,2015-12-17 08:44:23,0.37037037037037035
372,-1.444852,-48.483948999999996,-14.0,35.0,0,33.0,33.0,2015-12-17 08:44:29,0.4074074074074074
373,-1.444852,-48.483948999999996,-14.0,35.0,0,33.0,33.0,2015-12-17 08:44:29,0.4074074074074074
374,-1.44484,-48.483937,-13.0,35.0,0,33.0,33.0,2015-12-17 08:44:30,0.4074074074074074
375,-1.44484,-48.483937,-13.0,36.0,0,33.0,33.0,2015-12-17 08:44:30,0.4444444444444444
376,-1.444807,-48.483854,-15.0,41.0,0,33.0,33.0,2015-12-17 08:44:35,0.6296296296296297
377,-1.444807,-48.483854,-15.0,40.0,0,33.0,33.0,2015-12-17 08:44:35,0.5925925925925926
378,-1.4448020000000001,-48.483836,-14.0,40.0,0,33.0,33.0,2015-12-17 08:44:36,0.5925925925925926
379,-1.4448020000000001,-48.483836,-14.0,39.0,0,33.0,33.0,2015-12-17 08:44:36,0.5555555555555556
380,-1.4447729999999999,-48.483751,-9.0,36.0,0,33.0,33.0,2015-12-17 08:44:43,0.4444444444444444
381,-1.4447729999999999,-48.483751,-9.0,38.0,0,33.0,33.0,2015-12-17 08:44:43,0.5185185185185185
382,-1.444766,-48.483743,-10.0,40.0,0,33.0,33.0,2015-12-17 08:44:44,0.5925925925925926
383,-1.444766,-48.483743,-10.0,41.0,0,33.0,33.0,2015-12-17 08:44:44,0.6296296296296297
384,-1.444708,-48.48369,-15.0,42.0,0,33.0,33.0,2015-12-17 08:44:51,0.6666666666666666
385,-1.444708,-48.48369,-15.0,43.0,0,33.0,33.0,2015-12-17 08:44:51,0.7037037037037037
386,-1.4447,-48.483681,-14.0,42.0,0,33.0,33.0,2015-12-17 08:44:52,0.6666666666666666
387,-1.4447,-48.483681,-14.0,42.0,0,33.0,33.0,2015-12-17 08:44:52,0.6666666666666666
388,-1.444649,-48.483616,-9.0,43.0,0,33.0,33.0,2015-12-17 08:45:02,0.7037037037037037
389,-1.444649,-48.483616,-9.0,43.0,0,33.0,33.0,2015-12-17 08:45:02,0.7037037037037037
390,-1.4446510000000001,-48.483603,-8.0,44.0,0,33.0,33.0,2015-12-17 08:45:03,0.7407407407407407
391,-1.4446510000000001,-48.483603,-8.0,44.0,0,33.0,33.0,2015-12-17 08:45:03,0.7407407407407407
392,-1.44465,-48.483531,-9.0,48.0,0,33.0,33.0,2015-12-17 08:45:09,0.8888888888888888
393,-1.444648,-48.483502,-10.0,48.0,0,33.0,33.0,2015-12-17 08:45:09,0.8888888888888888
394,-1.44465,-48.483531,-9.0,48.0,0,33.0,33.0,2015-12-17 08:45:09,0.8888888888888888
395,-1.444648,-48.483502,-10.0,48.0,0,33.0,33.0,2015-12-17 08:45:09,0.8888888888888888
396,-1.444653,-48.48343,-10.0,46.0,0,33.0,33.0,2015-12-17 08:45:12,0.8148148148148148
397,-1.44466,-48.483396,-9.0,46.0,0,33.0,33.0,2015-12-17 08:45:12,0.8148148148148148
398,-1.444603,-48.483327,-14.0,46.0,0,33.0,33.0,2015-12-17 08:45:19,0.8148148148148148
399,-1.444603,-48.483327,-14.0,46.0,0,33.0,33.0,2015-12-17 08:45:19,0.8148148148148148
400,-1.4445940000000002,-48.48332,-15.0,46.0,0,33.0,33.0,2015-12-17 08:45:20,0.8148148148148148
401,-1.4445940000000002,-48.48332,-15.0,46.0,0,33.0,33.0,2015-12-17 08:45:20,0.8148148148148148
402,-1.4445540000000001,-48.483241,-15.0,51.0,0,33.0,33.0,2015-12-17 08:45:28,1.0
403,-1.4445540000000001,-48.483241,-15.0,51.0,0,33.0,33.0,2015-12-17 08:45:28,1.0
404,-1.444548,-48.483227,-15.0,51.0,0,33.0,33.0,2015-12-17 08:45:29,1.0
405,-1.4445219999999999,-48.483153,-12.0,47.0,0,33.0,33.0,2015-12-17 08:45:35,0.8518518518518519
406,-1.444525,-48.483133,-11.0,46.0,0,33.0,33.0,2015-12-17 08:45:36,0.8148148148148148
407,-1.444525,-48.483133,-11.0,46.0,0,33.0,33.0,2015-12-17 08:45:36,0.8148148148148148
408,-1.444526,-48.483049,-13.0,48.0,0,33.0,33.0,2015-12-17 08:45:40,0.8888888888888888
409,-1.4445290000000002,-48.483032,-11.0,48.0,0,33.0,33.0,2015-12-17 08:45:41,0.8888888888888888
410,-1.4445290000000002,-48.483032,-11.0,48.0,0,33.0,33.0,2015-12-17 08:45:41,0.8888888888888888
411,-1.444516,-48.482945,-6.0,44.0,0,33.0,33.0,2015-12-17 08:45:50,0.7407407407407407
412,-1.444516,-48.482945,-6.0,44.0,0,33.0,33.0,2015-12-17 08:45:50,0.7407407407407407
413,-1.444511,-48.482937,-6.0,44.0,0,33.0,33.0,2015-12-17 08:45:51,0.7407407407407407
414,-1.44449,-48.482849,-6.0,34.0,0,33.0,34.0,2015-12-17 08:46:37,0.37037037037037035
415,-1.44449,-48.482849,-6.0,34.0,0,33.0,34.0,2015-12-17 08:46:37,0.37037037037037035
416,-1.444494,-48.482828000000005,-6.0,34.0,0,33.0,33.0,2015-12-17 08:46:38,0.37037037037037035
417,-1.444494,-48.482828000000005,-6.0,34.0,0,33.0,34.0,2015-12-17 08:46:38,0.37037037037037035
418,-1.444481,-48.482746,-10.0,34.0,0,33.0,34.0,2015-12-17 08:46:45,0.37037037037037035
419,-1.444481,-48.482746,-10.0,34.0,0,33.0,34.0,2015-12-17 08:46:45,0.37037037037037035
420,-1.444472,-48.48274,-9.0,34.0,0,33.0,34.0,2015-12-17 08:46:46,0.37037037037037035
421,-1.444482,-48.482652,-8.0,33.0,0,33.0,34.0,2015-12-17 08:46:51,0.3333333333333333
422,-1.444482,-48.482652,-8.0,34.0,0,33.0,34.0,2015-12-17 08:46:51,0.37037037037037035
423,-1.444476,-48.482625,-7.0,33.0,0,33.0,34.0,2015-12-17 08:46:52,0.3333333333333333
424,-1.44445,-48.48257,-6.0,33.0,0,33.0,34.0,2015-12-17 08:46:54,0.3333333333333333
425,-1.44445,-48.48257,-6.0,33.0,0,33.0,34.0,2015-12-17 08:46:54,0.3333333333333333
426,-1.4444379999999999,-48.482543,-7.0,33.0,0,33.0,34.0,2015-12-17 08:46:55,0.3333333333333333
427,-1.4444379999999999,-48.482543,-7.0,33.0,0,33.0,34.0,2015-12-17 08:46:55,0.3333333333333333
428,-1.444402,-48.482469,-8.0,33.0,0,33.0,34.0,2015-12-17 08:46:58,0.3333333333333333
429,-1.444402,-48.482469,-8.0,33.0,0,33.0,34.0,2015-12-17 08:46:58,0.3333333333333333
430,-1.444391,-48.482452,-10.0,32.0,0,33.0,34.0,2015-12-17 08:46:59,0.2962962962962963
431,-1.444391,-48.482452,-10.0,33.0,0,33.0,34.0,2015-12-17 08:46:59,0.3333333333333333
432,-1.444337,-48.482383,-10.0,32.0,0,33.0,34.0,2015-12-17 08:47:04,0.2962962962962963
433,-1.444337,-48.482383,-10.0,32.0,0,33.0,34.0,2015-12-17 08:47:04,0.2962962962962963
434,-1.444333,-48.48237,-11.0,32.0,0,33.0,34.0,2015-12-17 08:47:05,0.2962962962962963
435,-1.444333,-48.48237,-11.0,32.0,0,33.0,34.0,2015-12-17 08:47:05,0.2962962962962963
436,-1.444287,-48.482298,-11.0,31.0,0,33.0,34.0,2015-12-17 08:47:14,0.25925925925925924
437,-1.44428,-48.482293,-13.0,31.0,0,33.0,34.0,2015-12-17 08:47:14,0.25925925925925924
438,-1.444252,-48.482221,-12.0,34.0,0,33.0,34.0,2015-12-17 08:47:23,0.37037037037037035
439,-1.444252,-48.482221,-12.0,35.0,0,33.0,34.0,2015-12-17 08:47:23,0.4074074074074074
440,-1.444246,-48.482203000000005,-10.0,36.0,0,33.0,34.0,2015-12-17 08:47:24,0.4444444444444444
441,-1.444246,-48.482203000000005,-10.0,37.0,0,33.0,34.0,2015-12-17 08:47:24,0.48148148148148145
442,-1.444228,-48.482119,-10.0,36.0,0,33.0,34.0,2015-12-17 08:47:27,0.4444444444444444
443,-1.444228,-48.482119,-10.0,36.0,0,33.0,34.0,2015-12-17 08:47:27,0.4444444444444444
444,-1.444222,-48.482096000000006,-10.0,36.0,0,33.0,34.0,2015-12-17 08:47:28,0.4444444444444444
445,-1.444222,-48.482096000000006,-10.0,36.0,0,33.0,34.0,2015-12-17 08:47:28,0.4444444444444444
446,-1.444205,-48.482009000000005,-11.0,35.0,0,33.0,34.0,2015-12-17 08:47:34,0.4074074074074074
447,-1.444205,-48.482009000000005,-11.0,35.0,0,33.0,34.0,2015-12-17 08:47:34,0.4074074074074074
448,-1.444204,-48.481998,-12.0,35.0,0,33.0,34.0,2015-12-17 08:47:35,0.4074074074074074
449,-1.444204,-48.481998,-12.0,35.0,0,33.0,34.0,2015-12-17 08:47:35,0.4074074074074074
450,-1.4441469999999998,-48.481938,-14.0,35.0,0,33.0,34.0,2015-12-17 08:47:42,0.4074074074074074
451,-1.444135,-48.481919,-13.0,34.0,0,33.0,34.0,2015-12-17 08:47:43,0.37037037037037035
452,-1.444135,-48.481919,-13.0,34.0,0,33.0,34.0,2015-12-17 08:47:43,0.37037037037037035
453,-1.444112,-48.481840000000005,-15.0,35.0,0,33.0,34.0,2015-12-17 08:47:49,0.4074074074074074
454,-1.444112,-48.481840000000005,-15.0,35.0,0,33.0,34.0,2015-12-17 08:47:49,0.4074074074074074
455,-1.444101,-48.481835,-13.0,36.0,0,33.0,34.0,2015-12-17 08:47:50,0.4444444444444444
456,-1.444101,-48.481835,-13.0,36.0,0,33.0,34.0,2015-12-17 08:47:50,0.4444444444444444
457,-1.444012,-48.481826,-19.0,36.0,0,33.0,34.0,2015-12-17 08:47:58,0.4444444444444444
458,-1.444005,-48.481836,-17.0,36.0,0,33.0,34.0,2015-12-17 08:47:59,0.4444444444444444
459,-1.444005,-48.481836,-17.0,36.0,0,33.0,34.0,2015-12-17 08:47:59,0.4444444444444444
460,-1.443997,-48.481753999999995,-13.0,39.0,0,33.0,34.0,2015-12-17 08:48:05,0.5555555555555556
461,-1.443997,-48.481753999999995,-13.0,39.0,0,33.0,34.0,2015-12-17 08:48:05,0.5555555555555556
462,-1.4439950000000001,-48.481732,-13.0,39.0,0,33.0,34.0,2015-12-17 08:48:06,0.5555555555555556
463,-1.4439950000000001,-48.481732,-13.0,39.0,0,33.0,34.0,2015-12-17 08:48:06,0.5555555555555556
464,-1.4439959999999998,-48.481652000000004,-14.0,38.0,0,33.0,34.0,2015-12-17 08:48:10,0.5185185185185185
465,-1.4439959999999998,-48.481652000000004,-14.0,38.0,0,33.0,34.0,2015-12-17 08:48:10,0.5185185185185185
466,-1.443999,-48.481637,-13.0,37.0,0,33.0,34.0,2015-12-17 08:48:11,0.48148148148148145
467,-1.443999,-48.481637,-13.0,37.0,0,33.0,34.0,2015-12-17 08:48:11,0.48148148148148145
468,-1.4439959999999998,-48.481549,-12.0,37.0,0,33.0,34.0,2015-12-17 08:48:16,0.48148148148148145
469,-1.4439959999999998,-48.481549,-12.0,38.0,0,33.0,34.0,2015-12-17 08:48:16,0.5185185185185185
470,-1.4439950000000001,-48.481537,-12.0,37.0,0,33.0,34.0,2015-12-17 08:48:17,0.48148148148148145
471,-1.4439950000000001,-48.481537,-12.0,37.0,0,33.0,34.0,2015-12-17 08:48:17,0.48148148148148145
472,-1.443986,-48.481458,-11.0,36.0,0,33.0,33.0,2015-12-17 08:48:23,0.4444444444444444
473,-1.443986,-48.481458,-11.0,35.0,0,33.0,34.0,2015-12-17 08:48:23,0.4074074074074074
474,-1.443983,-48.481445,-10.0,36.0,0,33.0,34.0,2015-12-17 08:48:24,0.4444444444444444
475,-1.443983,-48.481445,-10.0,36.0,0,33.0,34.0,2015-12-17 08:48:24,0.4444444444444444
476,-1.443961,-48.481367,-11.0,35.0,0,33.0,34.0,2015-12-17 08:48:29,0.4074074074074074
477,-1.443961,-48.481367,-11.0,35.0,0,33.0,34.0,2015-12-17 08:48:29,0.4074074074074074
478,-1.443961,-48.481353999999996,-11.0,35.0,0,33.0,34.0,2015-12-17 08:48:30,0.4074074074074074
479,-1.443961,-48.481353999999996,-11.0,35.0,0,33.0,34.0,2015-12-17 08:48:30,0.4074074074074074
480,-1.443946,-48.481277,-10.0,35.0,0,33.0,34.0,2015-12-17 08:48:35,0.4074074074074074
481,-1.443946,-48.481277,-10.0,35.0,0,33.0,34.0,2015-12-17 08:48:35,0.4074074074074074
482,-1.44394,-48.481262,-10.0,35.0,0,33.0,34.0,2015-12-17 08:48:36,0.4074074074074074
483,-1.44394,-48.481262,-10.0,35.0,0,33.0,34.0,2015-12-17 08:48:36,0.4074074074074074
484,-1.443919,-48.481184000000006,-12.0,35.0,0,33.0,34.0,2015-12-17 08:48:41,0.4074074074074074
485,-1.443919,-48.481184000000006,-12.0,35.0,0,33.0,34.0,2015-12-17 08:48:41,0.4074074074074074
486,-1.4439110000000002,-48.481173,-12.0,35.0,0,33.0,34.0,2015-12-17 08:48:42,0.4074074074074074
487,-1.4439110000000002,-48.481173,-12.0,36.0,0,33.0,34.0,2015-12-17 08:48:42,0.4444444444444444
488,-1.44385,-48.481107,-13.0,35.0,0,33.0,34.0,2015-12-17 08:48:50,0.4074074074074074
489,-1.44385,-48.481107,-13.0,35.0,0,33.0,34.0,2015-12-17 08:48:50,0.4074074074074074
490,-1.4438440000000001,-48.481096,-13.0,35.0,0,33.0,34.0,2015-12-17 08:48:51,0.4074074074074074
491,-1.4438440000000001,-48.481096,-13.0,35.0,0,33.0,34.0,2015-12-17 08:48:51,0.4074074074074074
492,-1.44382,-48.481021000000005,-11.0,36.0,0,33.0,33.0,2015-12-17 08:48:56,0.4444444444444444
493,-1.44382,-48.481021000000005,-11.0,36.0,0,33.0,33.0,2015-12-17 08:48:56,0.4444444444444444
494,-1.443815,-48.481003,-13.0,36.0,0,33.0,34.0,2015-12-17 08:48:57,0.4444444444444444
495,-1.443815,-48.481003,-13.0,36.0,0,33.0,34.0,2015-12-17 08:48:57,0.4444444444444444
496,-1.4438030000000002,-48.480922,-13.0,35.0,0,33.0,33.0,2015-12-17 08:49:03,0.4074074074074074
497,-1.4438030000000002,-48.480922,-13.0,35.0,0,33.0,33.0,2015-12-17 08:49:03,0.4074074074074074
498,-1.443799,-48.480912,-14.0,34.0,0,33.0,33.0,2015-12-17 08:49:04,0.37037037037037035
499,-1.443799,-48.480912,-14.0,34.0,0,33.0,33.0,2015-12-17 08:49:04,0.37037037037037035
500,-1.443735,-48.480849,-15.0,34.0,0,33.0,33.0,2015-12-17 08:49:13,0.37037037037037035
501,-1.443735,-48.480849,-15.0,34.0,0,33.0,33.0,2015-12-17 08:49:13,0.37037037037037035
502,-1.44373,-48.480839,-14.0,34.0,0,33.0,33.0,2015-12-17 08:49:14,0.37037037037037035
503,-1.44373,-48.480839,-14.0,34.0,0,33.0,33.0,2015-12-17 08:49:14,0.37037037037037035
504,-1.443718,-48.480753,-16.0,33.0,0,33.0,33.0,2015-12-17 08:49:20,0.3333333333333333
505,-1.443718,-48.480753,-16.0,33.0,0,33.0,33.0,2015-12-17 08:49:20,0.3333333333333333
506,-1.443718,-48.480739,-17.0,33.0,0,33.0,33.0,2015-12-17 08:49:21,0.3333333333333333
507,-1.443718,-48.480739,-17.0,33.0,0,33.0,33.0,2015-12-17 08:49:21,0.3333333333333333
508,-1.4437,-48.480656,-13.0,36.0,0,33.0,33.0,2015-12-17 08:49:31,0.4444444444444444
509,-1.4437,-48.480656,-13.0,35.0,0,33.0,33.0,2015-12-17 08:49:31,0.4074074074074074
510,-1.443703,-48.480647,-11.0,35.0,0,33.0,33.0,2015-12-17 08:49:32,0.4074074074074074
511,-1.443703,-48.480647,-11.0,35.0,0,33.0,33.0,2015-12-17 08:49:32,0.4074074074074074
512,-1.443689,-48.480565999999996,-7.0,35.0,0,33.0,33.0,2015-12-17 08:49:40,0.4074074074074074
513,-1.443685,-48.480551,-7.0,35.0,0,33.0,33.0,2015-12-17 08:49:41,0.4074074074074074
514,-1.443685,-48.480551,-7.0,35.0,0,33.0,33.0,2015-12-17 08:49:41,0.4074074074074074
515,-1.443661,-48.480468,-7.0,36.0,0,33.0,33.0,2015-12-17 08:49:47,0.4444444444444444
516,-1.443661,-48.480468,-7.0,36.0,0,33.0,33.0,2015-12-17 08:49:47,0.4444444444444444
517,-1.443659,-48.480452,-7.0,36.0,0,33.0,33.0,2015-12-17 08:49:48,0.4444444444444444
518,-1.443659,-48.480452,-7.0,36.0,0,33.0,33.0,2015-12-17 08:49:48,0.4444444444444444
519,-1.44363,-48.48038,-11.0,35.0,0,33.0,33.0,2015-12-17 08:49:54,0.4074074074074074
520,-1.44363,-48.48038,-11.0,35.0,0,33.0,33.0,2015-12-17 08:49:54,0.4074074074074074
521,-1.443629,-48.480354999999996,-11.0,35.0,0,33.0,33.0,2015-12-17 08:49:55,0.4074074074074074
522,-1.443629,-48.480354999999996,-11.0,35.0,0,33.0,33.0,2015-12-17 08:49:55,0.4074074074074074
523,-1.4436209999999998,-48.480278000000006,-12.0,35.0,0,33.0,33.0,2015-12-17 08:49:58,0.4074074074074074
524,-1.4436209999999998,-48.480278000000006,-12.0,35.0,0,33.0,33.0,2015-12-17 08:49:58,0.4074074074074074
525,-1.443618,-48.480255,-11.0,35.0,0,33.0,33.0,2015-12-17 08:49:59,0.4074074074074074
526,-1.443618,-48.480255,-11.0,35.0,0,33.0,33.0,2015-12-17 08:49:59,0.4074074074074074
527,-1.443592,-48.480169000000004,-12.0,35.0,0,33.0,33.0,2015-12-17 08:50:06,0.4074074074074074
528,-1.443592,-48.480169000000004,-12.0,34.0,0,33.0,33.0,2015-12-17 08:50:06,0.37037037037037035
529,-1.4435870000000002,-48.480158,-12.0,34.0,0,33.0,33.0,2015-12-17 08:50:07,0.37037037037037035
530,-1.4435870000000002,-48.480158,-12.0,34.0,0,33.0,33.0,2015-12-17 08:50:07,0.37037037037037035
531,-1.443534,-48.480084999999995,-13.0,34.0,0,33.0,33.0,2015-12-17 08:50:14,0.37037037037037035
532,-1.4435280000000001,-48.480077,-13.0,33.0,0,33.0,33.0,2015-12-17 08:50:15,0.3333333333333333
533,-1.4435280000000001,-48.480077,-13.0,33.0,0,33.0,33.0,2015-12-17 08:50:15,0.3333333333333333
534,-1.443497,-48.480003,-10.0,33.0,0,33.0,33.0,2015-12-17 08:50:21,0.3333333333333333
535,-1.443497,-48.480003,-10.0,33.0,0,33.0,33.0,2015-12-17 08:50:21,0.3333333333333333
536,-1.443498,-48.479988,-9.0,33.0,0,33.0,33.0,2015-12-17 08:50:22,0.3333333333333333
537,-1.443498,-48.479988,-9.0,33.0,0,33.0,33.0,2015-12-17 08:50:22,0.3333333333333333
538,-1.4434770000000001,-48.47991,-8.0,33.0,0,33.0,33.0,2015-12-17 08:50:29,0.3333333333333333
539,-1.4434770000000001,-48.47991,-8.0,33.0,0,33.0,33.0,2015-12-17 08:50:29,0.3333333333333333
540,-1.4434790000000002,-48.479894,-7.0,33.0,0,34.0,32.0,2015-12-17 08:50:30,0.3333333333333333
541,-1.4434790000000002,-48.479894,-7.0,33.0,0,34.0,32.0,2015-12-17 08:50:30,0.3333333333333333
542,-1.443463,-48.479822999999996,-8.0,32.0,0,34.0,32.0,2015-12-17 08:50:34,0.2962962962962963
543,-1.443463,-48.479822999999996,-8.0,32.0,0,34.0,32.0,2015-12-17 08:50:34,0.2962962962962963
544,-1.44346,-48.479805,-11.0,32.0,0,34.0,32.0,2015-12-17 08:50:35,0.2962962962962963
545,-1.44346,-48.479805,-11.0,32.0,0,34.0,32.0,2015-12-17 08:50:35,0.2962962962962963
546,-1.443447,-48.479729,-11.0,33.0,0,34.0,32.0,2015-12-17 08:50:40,0.3333333333333333
547,-1.443447,-48.479729,-11.0,33.0,0,34.0,32.0,2015-12-17 08:50:40,0.3333333333333333
548,-1.443447,-48.479712,-10.0,33.0,0,34.0,32.0,2015-12-17 08:50:41,0.3333333333333333
549,-1.443447,-48.479712,-10.0,33.0,0,34.0,32.0,2015-12-17 08:50:41,0.3333333333333333
550,-1.443425,-48.479626,-11.0,32.0,0,34.0,32.0,2015-12-17 08:50:55,0.2962962962962963
551,-1.443425,-48.479626,-11.0,32.0,0,34.0,32.0,2015-12-17 08:50:55,0.2962962962962963
552,-1.443425,-48.479612,-11.0,32.0,0,34.0,32.0,2015-12-17 08:50:56,0.2962962962962963
553,-1.443425,-48.479612,-11.0,32.0,0,34.0,32.0,2015-12-17 08:50:56,0.2962962962962963
554,-1.4434049999999998,-48.479525,-10.0,31.0,0,34.0,32.0,2015-12-17 08:51:01,0.25925925925925924
555,-1.4434049999999998,-48.479525,-10.0,32.0,0,34.0,32.0,2015-12-17 08:51:01,0.2962962962962963
556,-1.4434040000000001,-48.479508,-10.0,32.0,0,34.0,32.0,2015-12-17 08:51:02,0.2962962962962963
557,-1.4434040000000001,-48.479508,-10.0,32.0,0,34.0,32.0,2015-12-17 08:51:02,0.2962962962962963
558,-1.443402,-48.479421,-18.0,32.0,0,34.0,32.0,2015-12-17 08:51:11,0.2962962962962963
559,-1.443398,-48.479409999999994,-18.0,31.0,0,34.0,31.0,2015-12-17 08:51:12,0.25925925925925924
560,-1.443398,-48.479409999999994,-18.0,32.0,0,34.0,31.0,2015-12-17 08:51:12,0.2962962962962963
561,-1.443335,-48.479347,-14.0,33.0,0,34.0,31.0,2015-12-17 08:51:19,0.3333333333333333
562,-1.443335,-48.479347,-14.0,33.0,0,34.0,31.0,2015-12-17 08:51:19,0.3333333333333333
563,-1.44333,-48.479335,-13.0,33.0,0,34.0,31.0,2015-12-17 08:51:20,0.3333333333333333
564,-1.44333,-48.479335,-13.0,33.0,0,34.0,31.0,2015-12-17 08:51:20,0.3333333333333333
565,-1.443323,-48.479262,-21.0,32.0,0,34.0,31.0,2015-12-17 08:51:25,0.2962962962962963
566,-1.443323,-48.479262,-21.0,33.0,0,34.0,31.0,2015-12-17 08:51:25,0.3333333333333333
567,-1.443325,-48.479244,-18.0,33.0,0,34.0,31.0,2015-12-17 08:51:26,0.3333333333333333
568,-1.443325,-48.479244,-18.0,33.0,0,34.0,31.0,2015-12-17 08:51:26,0.3333333333333333
569,-1.443322,-48.479171,-19.0,34.0,0,34.0,31.0,2015-12-17 08:51:29,0.37037037037037035
570,-1.443322,-48.479171,-19.0,34.0,0,34.0,31.0,2015-12-17 08:51:29,0.37037037037037035
571,-1.443317,-48.47915,-18.0,34.0,0,34.0,31.0,2015-12-17 08:51:30,0.37037037037037035
572,-1.443317,-48.47915,-18.0,34.0,0,34.0,31.0,2015-12-17 08:51:30,0.37037037037037035
573,-1.443258,-48.479093,-9.0,35.0,0,34.0,31.0,2015-12-17 08:51:36,0.4074074074074074
574,-1.443258,-48.479093,-9.0,35.0,0,34.0,31.0,2015-12-17 08:51:36,0.4074074074074074
575,-1.4432559999999999,-48.479079999999996,-8.0,35.0,0,34.0,31.0,2015-12-17 08:51:37,0.4074074074074074
576,-1.4432559999999999,-48.479079999999996,-8.0,35.0,0,34.0,31.0,2015-12-17 08:51:37,0.4074074074074074
577,-1.443222,-48.479002,-12.0,37.0,0,34.0,31.0,2015-12-17 08:51:45,0.48148148148148145
578,-1.443211,-48.478994,-11.0,37.0,0,34.0,31.0,2015-12-17 08:51:46,0.48148148148148145
579,-1.443211,-48.478994,-11.0,37.0,0,34.0,31.0,2015-12-17 08:51:46,0.48148148148148145
580,-1.443174,-48.478919,-13.0,37.0,0,34.0,31.0,2015-12-17 08:51:52,0.48148148148148145
581,-1.443174,-48.478919,-13.0,36.0,0,34.0,32.0,2015-12-17 08:51:52,0.4444444444444444
582,-1.443168,-48.478904,-13.0,36.0,0,34.0,31.0,2015-12-17 08:51:53,0.4444444444444444
583,-1.443168,-48.478904,-13.0,36.0,0,34.0,31.0,2015-12-17 08:51:53,0.4444444444444444
584,-1.4431610000000001,-48.478840999999996,-12.0,35.0,0,34.0,31.0,2015-12-17 08:51:56,0.4074074074074074
585,-1.4431610000000001,-48.478840999999996,-12.0,35.0,0,34.0,31.0,2015-12-17 08:51:56,0.4074074074074074
586,-1.443152,-48.478806,-14.0,34.0,0,34.0,31.0,2015-12-17 08:51:57,0.37037037037037035
587,-1.443135,-48.478739000000004,-14.0,34.0,0,34.0,31.0,2015-12-17 08:51:59,0.37037037037037035
588,-1.443135,-48.478739000000004,-14.0,34.0,0,34.0,31.0,2015-12-17 08:51:59,0.37037037037037035
589,-1.443128,-48.478709,-14.0,34.0,0,34.0,31.0,2015-12-17 08:52:00,0.37037037037037035
590,-1.443128,-48.478709,-14.0,34.0,0,34.0,31.0,2015-12-17 08:52:00,0.37037037037037035
591,-1.443116,-48.478623999999996,-9.0,34.0,0,34.0,31.0,2015-12-17 08:52:06,0.37037037037037035
592,-1.443116,-48.478623999999996,-9.0,34.0,0,34.0,31.0,2015-12-17 08:52:06,0.37037037037037035
593,-1.4431120000000002,-48.47862,-11.0,33.0,0,34.0,31.0,2015-12-17 08:52:07,0.3333333333333333
594,-1.4431120000000002,-48.47862,-11.0,33.0,0,34.0,31.0,2015-12-17 08:52:07,0.3333333333333333
595,-1.4431200000000002,-48.478536,-6.0,33.0,0,34.0,31.0,2015-12-17 08:52:14,0.3333333333333333
596,-1.4431200000000002,-48.478536,-6.0,33.0,0,34.0,31.0,2015-12-17 08:52:14,0.3333333333333333
597,-1.443119,-48.478524,-9.0,32.0,0,34.0,31.0,2015-12-17 08:52:15,0.2962962962962963
598,-1.443119,-48.478524,-9.0,33.0,0,34.0,31.0,2015-12-17 08:52:15,0.3333333333333333
599,-1.443057,-48.478459,-12.0,33.0,0,34.0,31.0,2015-12-17 08:53:06,0.3333333333333333
600,-1.443057,-48.478459,-12.0,33.0,0,34.0,31.0,2015-12-17 08:53:06,0.3333333333333333
601,-1.443058,-48.478454,-13.0,33.0,0,34.0,31.0,2015-12-17 08:53:07,0.3333333333333333
602,-1.443058,-48.478454,-13.0,33.0,0,34.0,31.0,2015-12-17 08:53:07,0.3333333333333333
603,-1.44309,-48.478371,-9.0,33.0,0,34.0,31.0,2015-12-17 08:54:09,0.3333333333333333
604,-1.443088,-48.478353999999996,-8.0,33.0,0,34.0,31.0,2015-12-17 08:54:10,0.3333333333333333
605,-1.443088,-48.478353999999996,-8.0,33.0,0,34.0,31.0,2015-12-17 08:54:10,0.3333333333333333
606,-1.44308,-48.478269,-10.0,33.0,0,34.0,31.0,2015-12-17 08:54:16,0.3333333333333333
607,-1.44308,-48.478269,-10.0,32.0,0,34.0,31.0,2015-12-17 08:54:16,0.2962962962962963
608,-1.443083,-48.478253,-11.0,31.0,0,34.0,31.0,2015-12-17 08:54:17,0.25925925925925924
609,-1.443083,-48.478253,-11.0,32.0,0,34.0,31.0,2015-12-17 08:54:17,0.2962962962962963
