,co,umidade,temperatura,data,conormal
1726,24.29,38.71,27.94,2015-12-01 00:00:35,0.336875664187035
1727,23.92,38.77,27.87,2015-12-01 00:03:05,0.3172157279489905
1728,23.45,38.8,27.85,2015-12-01 00:05:35,0.29224229543039315
1729,23.64,38.81,27.84,2015-12-01 00:08:05,0.30233793836344314
1730,23.61,38.83,27.86,2015-12-01 00:10:35,0.3007438894792773
1731,23.63,38.82,27.85,2015-12-01 00:13:05,0.3018065887353878
1732,23.15,38.91,27.84,2015-12-01 00:15:35,0.2763018065887353
1733,23.11,38.9,27.84,2015-12-01 00:18:06,0.2741764080765143
1734,22.83,38.53,28.21,2015-12-01 00:20:36,0.25929861849096697
1735,23.19,38.84,27.85,2015-12-01 00:23:06,0.2784272051009565
1736,22.84,39.01,27.84,2015-12-01 00:25:36,0.2598299681190223
1737,23.12,38.98,27.84,2015-12-01 00:28:06,0.2747077577045696
1738,22.68,39.66,27.84,2015-12-01 00:30:36,0.25132837407013814
1739,22.55,39.51,27.84,2015-12-01 00:33:06,0.2444208289054198
1740,22.37,39.69,27.84,2015-12-01 00:35:36,0.23485653560042513
1741,22.55,39.79,27.84,2015-12-01 00:38:06,0.2444208289054198
1742,22.6,39.8,27.84,2015-12-01 00:40:36,0.24707757704569613
1743,22.13,39.8,27.84,2015-12-01 00:43:06,0.22210414452709876
1744,22.31,39.8,27.84,2015-12-01 00:45:36,0.23166843783209343
1745,22.52,39.8,27.84,2015-12-01 00:48:06,0.24282678002125396
1746,23.08,39.82,27.84,2015-12-01 00:50:36,0.27258235919234847
1747,22.68,40.77,27.84,2015-12-01 00:53:07,0.25132837407013814
1748,22.36,40.79,27.84,2015-12-01 00:55:37,0.2343251859723698
1749,22.64,40.79,27.84,2015-12-01 00:58:07,0.24920297555791712
1750,23.09,40.8,27.84,2015-12-01 01:00:37,0.2731137088204038
1751,23.0,41.57,27.84,2015-12-01 01:03:07,0.2683315621679065
1752,22.32,41.78,27.84,2015-12-01 01:05:37,0.23219978746014877
1753,21.94,41.78,27.84,2015-12-01 01:08:07,0.21200850159404894
1754,22.76,41.78,27.84,2015-12-01 01:10:37,0.2555791710945803
1755,23.22,41.79,27.84,2015-12-01 01:13:07,0.2800212539851221
1756,22.62,41.79,27.84,2015-12-01 01:15:37,0.24814027630180663
1757,23.2,41.8,27.84,2015-12-01 01:18:07,0.27895855472901165
1758,22.84,41.82,27.84,2015-12-01 01:20:37,0.2598299681190223
1759,22.67,41.83,27.84,2015-12-01 01:23:07,0.25079702444208296
1760,22.73,41.87,27.84,2015-12-01 01:25:37,0.25398512221041447
1761,22.84,42.77,27.84,2015-12-01 01:28:08,0.2598299681190223
1762,22.27,42.77,27.84,2015-12-01 01:30:38,0.22954303931987244
1763,21.97,42.28,27.84,2015-12-01 01:33:08,0.2136025504782146
1764,22.79,42.77,27.84,2015-12-01 01:35:38,0.257173219978746
1765,22.14,42.77,27.84,2015-12-01 01:38:08,0.2226354941551541
1766,21.62,42.77,27.84,2015-12-01 01:40:38,0.1950053134962806
1767,21.99,42.77,27.84,2015-12-01 01:43:08,0.2146652497343251
1768,22.01,42.77,27.84,2015-12-01 01:45:38,0.2157279489904358
1769,22.11,42.77,27.84,2015-12-01 01:48:08,0.22104144527098826
1770,21.84,42.78,27.84,2015-12-01 01:50:38,0.20669500531349627
1771,22.42,42.77,27.84,2015-12-01 01:53:08,0.23751328374070146
1772,22.15,42.77,27.84,2015-12-01 01:55:39,0.22316684378320928
1773,22.64,42.78,27.84,2015-12-01 01:58:09,0.24920297555791712
1774,22.94,42.79,27.84,2015-12-01 02:00:39,0.265143464399575
1775,22.9,42.8,27.84,2015-12-01 02:03:09,0.26301806588735377
1776,23.39,42.79,27.84,2015-12-01 02:05:39,0.28905419766206164
1777,23.49,43.36,27.84,2015-12-01 02:08:09,0.29436769394261414
1778,23.55,43.76,27.84,2015-12-01 02:10:39,0.2975557917109458
1779,23.39,43.77,27.84,2015-12-01 02:13:09,0.28905419766206164
1780,23.46,43.77,27.84,2015-12-01 02:15:39,0.2927736450584485
1781,23.28,43.77,27.84,2015-12-01 02:18:09,0.2832093517534538
1782,23.43,43.77,27.84,2015-12-01 02:20:39,0.29117959617428263
1783,23.21,43.77,27.84,2015-12-01 02:23:09,0.279489904357067
1784,23.12,43.77,27.84,2015-12-01 02:25:40,0.2747077577045696
1785,23.69,43.77,27.84,2015-12-01 02:28:10,0.30499468650371947
1786,23.13,43.78,27.84,2015-12-01 02:30:40,0.2752391073326248
1787,22.95,43.78,27.84,2015-12-01 02:33:10,0.2656748140276301
1788,22.9,43.78,27.84,2015-12-01 02:35:40,0.26301806588735377
1789,22.67,43.79,27.83,2015-12-01 02:38:10,0.25079702444208296
1790,23.0,43.8,27.84,2015-12-01 02:40:40,0.2683315621679065
1791,22.73,43.8,27.84,2015-12-01 02:43:10,0.25398512221041447
1792,23.31,43.82,27.72,2015-12-01 02:45:40,0.28480340063761944
1793,22.71,44.75,27.7,2015-12-01 02:48:10,0.25292242295430395
1794,22.17,44.76,27.82,2015-12-01 02:50:40,0.22422954303931997
1795,22.55,44.76,27.74,2015-12-01 02:53:10,0.2444208289054198
1796,22.71,44.76,27.82,2015-12-01 02:55:40,0.25292242295430395
1797,22.17,44.76,27.83,2015-12-01 02:58:10,0.22422954303931997
1798,22.07,44.76,27.82,2015-12-01 03:00:41,0.21891604675876727
1799,22.87,44.76,27.38,2015-12-01 03:03:11,0.2614240170031881
1800,22.42,44.76,27.77,2015-12-01 03:05:41,0.23751328374070146
1801,23.3,44.77,27.7,2015-12-01 03:08:11,0.2842720510095643
1802,23.49,44.77,27.34,2015-12-01 03:10:41,0.29436769394261414
1803,23.02,44.8,27.4,2015-12-01 03:13:11,0.26939426142401696
1804,23.24,44.82,27.42,2015-12-01 03:15:41,0.28108395324123264
1805,23.07,44.85,27.57,2015-12-01 03:18:11,0.2720510095642933
1806,23.32,45.64,27.14,2015-12-01 03:20:41,0.2853347502656748
1807,23.27,45.7,27.72,2015-12-01 03:23:11,0.28267800212539845
1808,22.62,45.66,27.76,2015-12-01 03:25:41,0.24814027630180663
1809,23.76,45.75,27.04,2015-12-01 03:28:11,0.3087141339001063
1810,23.49,45.76,27.47,2015-12-01 03:30:42,0.29436769394261414
1811,23.08,45.77,27.5,2015-12-01 03:33:12,0.27258235919234847
1812,22.88,45.77,27.6,2015-12-01 03:35:42,0.2619553666312433
1813,22.98,45.77,27.56,2015-12-01 03:38:12,0.26726886291179597
1814,22.34,45.77,27.67,2015-12-01 03:40:42,0.2332624867162593
1815,22.68,45.77,27.58,2015-12-01 03:43:12,0.25132837407013814
1816,23.14,45.77,27.15,2015-12-01 03:45:42,0.27577045696068014
1817,22.86,45.79,27.36,2015-12-01 03:48:12,0.2608926673751328
1818,22.59,45.8,27.46,2015-12-01 03:50:42,0.2465462274176408
1819,22.82,45.8,26.9,2015-12-01 03:53:12,0.2587672688629118
1820,22.76,46.73,26.86,2015-12-01 03:55:42,0.2555791710945803
1821,23.03,46.77,26.85,2015-12-01 03:58:13,0.2699256110520723
1822,22.57,46.79,27.12,2015-12-01 04:00:43,0.2454835281615303
1823,22.36,46.79,26.94,2015-12-01 04:03:13,0.2343251859723698
1824,22.86,46.79,26.86,2015-12-01 04:05:43,0.2608926673751328
1825,22.39,46.82,26.89,2015-12-01 04:08:13,0.23591923485653563
1826,22.25,46.91,27.31,2015-12-01 04:10:43,0.22848034006376194
1827,22.68,46.83,26.86,2015-12-01 04:13:13,0.25132837407013814
1828,22.62,47.66,26.85,2015-12-01 04:15:43,0.24814027630180663
1829,22.11,47.75,26.85,2015-12-01 04:18:13,0.22104144527098826
1830,22.08,47.78,26.85,2015-12-01 04:20:43,0.21944739638682242
1831,22.36,47.79,26.85,2015-12-01 04:23:13,0.2343251859723698
1832,21.91,47.82,26.85,2015-12-01 04:25:44,0.2104144527098831
1833,22.11,47.82,26.87,2015-12-01 04:28:14,0.22104144527098826
1834,22.18,47.81,26.85,2015-12-01 04:30:44,0.22476089266737512
1835,22.43,47.93,26.85,2015-12-01 04:33:14,0.23804463336875661
1836,22.55,47.97,27.41,2015-12-01 04:35:44,0.2444208289054198
1837,23.67,47.86,26.86,2015-12-01 04:38:14,0.303931987247609
1838,24.22,48.24,26.85,2015-12-01 04:40:44,0.33315621679064816
1839,24.6,48.01,26.85,2015-12-01 04:43:14,0.3533475026567482
1840,24.43,48.39,27.12,2015-12-01 04:45:44,0.34431455897980867
1841,24.21,47.99,27.45,2015-12-01 04:48:14,0.332624867162593
1842,24.06,47.83,27.1,2015-12-01 04:50:44,0.324654622741764
1843,24.39,47.83,27.01,2015-12-01 04:53:14,0.3421891604675877
1844,24.17,47.84,27.08,2015-12-01 04:55:44,0.330499468650372
1845,24.46,47.9,26.87,2015-12-01 04:58:15,0.3459086078639745
1846,24.29,47.86,26.85,2015-12-01 05:00:45,0.336875664187035
1847,25.04,48.72,26.85,2015-12-01 05:03:15,0.3767268862911795
1848,25.75,49.21,26.85,2015-12-01 05:05:45,0.414452709883103
1849,24.44,49.66,27.16,2015-12-01 05:08:15,0.344845908607864
1850,25.39,48.89,26.86,2015-12-01 05:10:45,0.39532412327311367
1851,26.01,49.77,26.85,2015-12-01 05:13:15,0.4282678002125399
1852,26.14,49.86,26.85,2015-12-01 05:15:45,0.4351753453772582
1853,26.08,50.51,26.85,2015-12-01 05:18:15,0.43198724760892654
1854,25.85,50.77,26.85,2015-12-01 05:20:45,0.41976620616365573
1855,26.73,50.8,26.85,2015-12-01 05:23:15,0.4665249734325186
1856,26.32,51.75,26.82,2015-12-01 05:25:46,0.44473963868225286
1857,26.57,51.74,26.85,2015-12-01 05:28:16,0.4580233793836344
1858,26.29,51.97,26.66,2015-12-01 05:30:46,0.44314558979808705
1859,25.77,52.57,26.8,2015-12-01 05:33:16,0.41551540913921353
1860,27.12,52.25,26.85,2015-12-01 05:35:46,0.48724760892667374
1861,27.21,52.83,26.73,2015-12-01 05:38:16,0.49202975557917106
1862,26.28,52.83,26.75,2015-12-01 05:40:46,0.44261424017003187
1863,25.86,52.72,26.85,2015-12-01 05:43:16,0.42029755579171085
1864,26.97,52.98,26.6,2015-12-01 05:45:46,0.47927736450584474
1865,26.97,52.75,26.85,2015-12-01 05:48:16,0.47927736450584474
1866,27.61,52.75,26.84,2015-12-01 05:50:46,0.5132837407013814
1867,26.76,52.76,26.85,2015-12-01 05:53:16,0.4681190223166844
1868,26.52,52.73,26.85,2015-12-01 05:55:47,0.4553666312433581
1869,26.16,52.73,26.85,2015-12-01 05:58:17,0.43623804463336874
1870,26.37,52.73,26.85,2015-12-01 06:00:47,0.44739638682252925
1871,26.08,52.74,26.85,2015-12-01 06:03:17,0.43198724760892654
1872,25.94,52.75,26.85,2015-12-01 06:05:47,0.42454835281615305
1873,25.6,52.77,26.85,2015-12-01 06:08:17,0.40648246546227423
1874,25.29,52.75,26.85,2015-12-01 06:10:47,0.390010626992561
1875,25.5,52.75,26.85,2015-12-01 06:13:17,0.4011689691817215
1876,25.24,52.74,26.85,2015-12-01 06:15:47,0.38735387885228467
1877,24.92,52.73,26.85,2015-12-01 06:18:17,0.37035069075451654
1878,24.98,52.73,26.92,2015-12-01 06:20:47,0.373538788522848
1879,25.83,52.72,26.85,2015-12-01 06:23:17,0.41870350690754504
1880,25.6,52.73,26.85,2015-12-01 06:25:48,0.40648246546227423
1881,25.47,52.73,27.1,2015-12-01 06:28:18,0.3995749202975557
1882,25.86,52.72,27.2,2015-12-01 06:30:48,0.42029755579171085
1883,25.54,52.66,27.01,2015-12-01 06:33:18,0.4032943676939425
1884,25.43,52.71,27.39,2015-12-01 06:35:48,0.3974495217853347
1885,24.9,52.4,27.51,2015-12-01 06:38:18,0.36928799149840585
1886,27.05,51.95,26.86,2015-12-01 06:40:48,0.4835281615302869
1887,26.55,52.58,27.0,2015-12-01 06:43:18,0.4569606801275239
1888,27.54,52.71,27.02,2015-12-01 06:45:48,0.5095642933049945
1889,29.55,52.72,26.86,2015-12-01 06:48:18,0.616365568544102
1890,27.33,52.73,26.98,2015-12-01 06:50:48,0.4984059511158341
1891,26.61,52.73,27.36,2015-12-01 06:53:19,0.4601487778958554
1892,26.74,52.71,27.42,2015-12-01 06:55:49,0.4670563230605737
1893,26.25,52.69,27.58,2015-12-01 06:58:19,0.44102019128586606
1894,25.53,51.93,27.84,2015-12-01 07:00:49,0.4027630180658874
1895,27.77,51.65,27.7,2015-12-01 07:03:19,0.5217853347502656
1896,27.03,51.75,27.72,2015-12-01 07:05:49,0.4824654622741764
1897,26.75,51.71,27.84,2015-12-01 07:08:19,0.46758767268862905
1898,27.71,51.74,27.61,2015-12-01 07:10:49,0.518597236981934
1899,27.78,51.77,27.71,2015-12-01 07:13:19,0.5223166843783209
1900,28.21,51.76,27.73,2015-12-01 07:15:49,0.5451647183846972
1901,29.87,51.76,27.8,2015-12-01 07:18:19,0.6333687566418703
1902,29.28,51.77,27.84,2015-12-01 07:20:49,0.60201912858661
1903,28.82,51.77,27.84,2015-12-01 07:23:19,0.5775770456960679
1904,28.53,51.76,27.66,2015-12-01 07:25:49,0.5621679064824654
1905,28.01,51.42,27.84,2015-12-01 07:28:20,0.5345377258235919
1906,29.45,51.19,27.84,2015-12-01 07:30:50,0.6110520722635493
1907,31.73,50.91,27.84,2015-12-01 07:33:20,0.7321997874601487
1908,29.22,50.83,27.84,2015-12-01 07:35:50,0.5988310308182783
1909,29.32,50.83,27.84,2015-12-01 07:38:20,0.6041445270988309
1910,29.06,50.55,27.84,2015-12-01 07:40:50,0.5903294367693941
1911,28.68,49.66,27.84,2015-12-01 07:43:20,0.5701381509032942
1912,29.68,49.06,27.84,2015-12-01 07:45:50,0.6232731137088203
1913,29.18,48.75,27.84,2015-12-01 07:48:20,0.5967056323060573
1914,30.98,48.27,27.84,2015-12-01 07:50:50,0.6923485653560042
1915,32.04,48.02,27.84,2015-12-01 07:53:20,0.7486716259298617
1916,30.9,47.88,27.84,2015-12-01 07:55:50,0.688097768331562
1917,29.28,48.03,27.84,2015-12-01 07:58:21,0.60201912858661
1918,33.61,47.86,27.84,2015-12-01 08:00:51,0.8320935175345375
1919,32.05,47.79,27.84,2015-12-01 08:03:21,0.7492029755579168
1920,32.73,47.23,27.84,2015-12-01 08:05:51,0.7853347502656746
1921,30.12,46.32,28.43,2015-12-01 08:08:21,0.6466524973432518
1922,28.47,45.57,28.82,2015-12-01 08:10:51,0.5589798087141338
1923,29.05,44.82,28.83,2015-12-01 08:13:21,0.589798087141339
1924,28.53,44.77,28.84,2015-12-01 08:15:51,0.5621679064824654
1925,28.14,44.35,28.84,2015-12-01 08:18:21,0.5414452709883103
1926,27.26,43.79,28.84,2015-12-01 08:20:51,0.4946865037194474
1927,30.9,43.77,28.84,2015-12-01 08:23:21,0.688097768331562
1928,29.42,43.46,28.84,2015-12-01 08:25:51,0.6094580233793836
1929,28.28,42.86,28.84,2015-12-01 08:28:22,0.5488841657810839
1930,27.37,42.8,28.84,2015-12-01 08:30:52,0.5005313496280552
1931,27.77,42.78,28.84,2015-12-01 08:33:22,0.5217853347502656
1932,27.24,42.77,28.84,2015-12-01 08:35:52,0.49362380446333676
1933,28.84,42.13,28.99,2015-12-01 08:38:22,0.5786397449521784
1934,27.88,41.83,29.53,2015-12-01 08:40:52,0.5276301806588735
1935,27.8,41.62,29.83,2015-12-01 08:43:22,0.5233793836344314
1936,29.64,40.93,29.76,2015-12-01 08:45:52,0.6211477151965993
1937,29.16,40.81,29.43,2015-12-01 08:48:22,0.5956429330499468
1938,28.17,40.8,29.66,2015-12-01 08:50:52,0.5430393198724761
1939,26.82,40.8,29.77,2015-12-01 08:53:22,0.4713071200850159
1940,27.54,39.23,30.69,2015-12-01 08:55:53,0.5095642933049945
1941,26.38,37.85,30.8,2015-12-01 08:58:23,0.44792773645058437
1942,25.62,36.91,30.81,2015-12-01 09:00:53,0.4075451647183847
1943,25.69,36.47,30.83,2015-12-01 09:03:23,0.41126461211477155
1944,25.84,35.85,30.83,2015-12-01 09:05:53,0.4192348565356004
1945,25.3,35.7,30.83,2015-12-01 09:08:23,0.39054197662061635
1946,24.58,34.88,31.34,2015-12-01 09:10:53,0.3522848034006375
1947,25.16,34.82,31.14,2015-12-01 09:13:23,0.3831030818278427
1948,25.84,34.81,30.87,2015-12-01 09:15:53,0.4192348565356004
1949,23.75,34.81,30.83,2015-12-01 09:18:23,0.308182784272051
1950,23.71,34.81,30.83,2015-12-01 09:20:53,0.30605738575983
1951,24.6,34.82,30.83,2015-12-01 09:23:24,0.3533475026567482
1952,25.62,34.81,30.83,2015-12-01 09:25:54,0.4075451647183847
1953,25.61,34.81,30.83,2015-12-01 09:28:24,0.40701381509032936
1954,25.72,33.93,31.35,2015-12-01 09:30:54,0.4128586609989372
1955,25.71,33.83,30.83,2015-12-01 09:33:24,0.412327311370882
1956,23.52,33.83,31.71,2015-12-01 09:35:54,0.29596174282677995
1957,22.65,33.82,31.79,2015-12-01 09:38:24,0.24973432518597227
1958,22.53,33.73,31.77,2015-12-01 09:40:54,0.2433581296493093
1959,23.34,33.82,31.82,2015-12-01 09:43:24,0.2863974495217853
1960,25.1,33.82,31.71,2015-12-01 09:45:54,0.3799149840595112
1961,24.43,32.99,32.36,2015-12-01 09:48:24,0.34431455897980867
1962,24.57,32.28,32.43,2015-12-01 09:50:54,0.3517534537725823
1963,24.51,31.84,32.97,2015-12-01 09:53:24,0.34856535600425087
1964,23.88,31.83,32.82,2015-12-01 09:55:54,0.3150903294367693
1965,24.31,31.83,32.82,2015-12-01 09:58:24,0.3379383634431455
1966,23.84,31.83,32.83,2015-12-01 10:00:54,0.3129649309245483
1967,25.52,31.82,33.61,2015-12-01 10:03:24,0.40223166843783204
1968,25.2,31.82,33.72,2015-12-01 10:05:55,0.3852284803400637
1969,22.64,31.39,34.21,2015-12-01 10:08:25,0.24920297555791712
1970,22.23,30.64,34.35,2015-12-01 10:10:55,0.22741764080765145
1971,23.61,30.39,34.3,2015-12-01 10:13:25,0.3007438894792773
1972,23.87,30.84,33.83,2015-12-01 10:15:55,0.31455897980871417
1973,23.1,30.82,33.84,2015-12-01 10:18:25,0.27364505844845916
1974,23.92,30.85,33.81,2015-12-01 10:20:55,0.3172157279489905
1975,24.4,30.85,33.79,2015-12-01 10:23:25,0.3427205100956428
1976,23.49,30.13,34.53,2015-12-01 10:25:55,0.29436769394261414
1977,23.54,29.84,34.8,2015-12-01 10:28:25,0.29702444208289047
1978,22.76,29.84,34.8,2015-12-01 10:30:55,0.2555791710945803
1979,22.23,29.83,34.97,2015-12-01 10:33:25,0.22741764080765145
1980,21.43,29.83,34.8,2015-12-01 10:35:56,0.1849096705632306
1981,22.02,29.83,34.8,2015-12-01 10:38:26,0.21625929861849094
1982,22.69,29.83,34.8,2015-12-01 10:40:56,0.2518597236981935
1983,21.86,29.83,34.8,2015-12-01 10:43:26,0.20775770456960677
1984,21.55,29.83,34.93,2015-12-01 10:45:56,0.19128586609989376
1985,21.47,29.83,35.61,2015-12-01 10:48:26,0.1870350690754516
1986,22.01,29.83,35.35,2015-12-01 10:50:56,0.2157279489904358
1987,22.67,29.83,35.16,2015-12-01 10:53:26,0.25079702444208296
1988,23.12,29.83,34.8,2015-12-01 10:55:56,0.2747077577045696
1989,23.92,29.83,34.8,2015-12-01 10:58:26,0.3172157279489905
1990,21.51,29.83,35.18,2015-12-01 11:00:56,0.18916046758767277
1991,20.77,28.91,35.64,2015-12-01 11:03:27,0.1498405951115834
1992,21.38,28.86,35.28,2015-12-01 11:05:57,0.18225292242295424
1993,22.3,28.87,34.8,2015-12-01 11:08:27,0.23113708820403828
1994,22.07,29.65,34.8,2015-12-01 11:10:57,0.21891604675876727
1995,22.41,29.68,34.8,2015-12-01 11:13:27,0.23698193411264612
1996,22.8,29.05,34.8,2015-12-01 11:15:57,0.2577045696068013
1997,22.25,28.9,35.34,2015-12-01 11:18:27,0.22848034006376194
1998,21.13,28.85,35.8,2015-12-01 11:20:57,0.16896918172157274
1999,21.41,28.85,35.77,2015-12-01 11:23:27,0.1838469713071201
2000,22.95,28.84,34.81,2015-12-01 11:25:57,0.2656748140276301
2001,22.0,28.84,35.12,2015-12-01 11:28:27,0.21519659936238045
2002,22.87,28.84,34.81,2015-12-01 11:30:58,0.2614240170031881
2003,21.84,28.84,35.12,2015-12-01 11:33:28,0.20669500531349627
2004,22.82,28.84,35.36,2015-12-01 11:35:58,0.2587672688629118
2005,21.54,28.84,35.25,2015-12-01 11:38:28,0.19075451647183841
2006,21.8,28.84,34.99,2015-12-01 11:40:58,0.20456960680127528
2007,21.44,28.84,34.8,2015-12-01 11:43:28,0.18544102019128594
2008,21.03,28.84,34.8,2015-12-01 11:45:58,0.16365568544102024
2009,20.77,28.84,35.46,2015-12-01 11:48:28,0.1498405951115834
2010,20.82,28.84,35.8,2015-12-01 11:50:58,0.15249734325185973
2011,20.77,28.84,35.8,2015-12-01 11:53:28,0.1498405951115834
2012,21.17,28.84,35.63,2015-12-01 11:55:58,0.17109458023379392
2013,22.14,28.84,35.68,2015-12-01 11:58:28,0.2226354941551541
2014,22.29,28.84,35.46,2015-12-01 12:00:59,0.23060573857598293
2015,22.38,28.84,35.77,2015-12-01 12:03:29,0.23538788522848028
2016,23.2,28.84,35.74,2015-12-01 12:05:59,0.27895855472901165
2017,22.13,28.84,35.69,2015-12-01 12:08:29,0.22210414452709876
2018,22.06,28.84,35.8,2015-12-01 12:10:59,0.21838469713071193
2019,21.56,28.84,35.8,2015-12-01 12:13:29,0.1918172157279489
2020,21.86,28.84,35.8,2015-12-01 12:15:59,0.20775770456960677
2021,21.25,28.84,35.8,2015-12-01 12:18:29,0.17534537725823593
2022,23.62,28.7,35.94,2015-12-01 12:20:59,0.30127523910733267
2023,22.34,28.39,36.24,2015-12-01 12:23:29,0.2332624867162593
2024,21.85,28.75,35.89,2015-12-01 12:25:59,0.20722635494155162
2025,21.15,28.06,37.2,2015-12-01 12:28:29,0.17003188097768324
2026,20.44,28.32,36.45,2015-12-01 12:31:00,0.1323060573857599
2027,21.27,27.84,37.59,2015-12-01 12:33:30,0.17640807651434642
2028,20.83,28.78,35.86,2015-12-01 12:36:00,0.1530286928799149
2029,21.29,28.52,36.13,2015-12-01 12:38:30,0.17747077577045692
2030,21.23,28.18,36.88,2015-12-01 12:41:00,0.17428267800212544
2031,20.92,27.84,37.79,2015-12-01 12:43:30,0.15781083953241243
2032,20.69,27.84,37.79,2015-12-01 12:46:00,0.14558979808714143
2033,20.62,27.84,37.79,2015-12-01 12:48:30,0.14187035069075457
2034,21.45,27.84,37.79,2015-12-01 12:51:00,0.1859723698193411
2035,21.56,27.84,37.79,2015-12-01 12:53:30,0.1918172157279489
2036,20.5,27.84,37.79,2015-12-01 12:56:00,0.1354941551540914
2037,19.79,27.84,37.79,2015-12-01 12:58:31,0.09776833156216788
2038,20.01,27.84,37.79,2015-12-01 13:01:01,0.10945802337938373
2039,20.35,27.84,37.79,2015-12-01 13:03:31,0.12752391073326258
2040,21.09,27.84,37.79,2015-12-01 13:06:01,0.16684378320935175
2041,20.46,27.84,37.79,2015-12-01 13:08:31,0.1333687566418704
2042,20.61,27.84,37.79,2015-12-01 13:11:01,0.14133900106269923
2043,20.87,27.84,37.79,2015-12-01 13:13:31,0.1551540913921361
2044,19.76,27.87,37.61,2015-12-01 13:16:01,0.09617428267800222
2045,20.87,27.84,37.79,2015-12-01 13:18:31,0.1551540913921361
2046,21.1,27.67,37.96,2015-12-01 13:21:01,0.1673751328374071
2047,20.92,27.38,38.25,2015-12-01 13:23:31,0.15781083953241243
2048,23.62,27.84,37.79,2015-12-01 13:26:02,0.30127523910733267
2049,22.75,27.84,37.79,2015-12-01 13:28:32,0.25504782146652494
2050,23.92,27.84,37.79,2015-12-01 13:31:02,0.3172157279489905
2051,23.83,27.85,37.79,2015-12-01 13:33:32,0.31243358129649296
2052,23.5,27.87,37.68,2015-12-01 13:36:02,0.2948990435706695
2053,23.74,29.26,36.63,2015-12-01 13:38:32,0.30765143464399564
2054,23.75,29.2,36.97,2015-12-01 13:41:02,0.308182784272051
2055,23.2,28.65,37.79,2015-12-01 13:43:32,0.27895855472901165
2056,23.2,28.71,37.79,2015-12-01 13:46:02,0.27895855472901165
2057,23.6,28.27,37.79,2015-12-01 13:48:32,0.30021253985122215
2058,23.84,27.88,37.79,2015-12-01 13:51:03,0.3129649309245483
2059,23.13,27.86,37.79,2015-12-01 13:53:33,0.2752391073326248
2060,23.4,27.86,37.79,2015-12-01 13:56:03,0.2895855472901168
2061,23.54,27.88,37.79,2015-12-01 13:58:33,0.29702444208289047
2062,23.96,27.88,37.79,2015-12-01 14:01:03,0.3193411264612115
2063,23.65,28.24,37.4,2015-12-01 14:03:33,0.3028692879914983
2064,23.29,27.87,37.79,2015-12-01 14:06:03,0.283740701381509
2065,23.58,27.9,37.79,2015-12-01 14:08:33,0.29914984059511146
2066,23.71,27.87,37.79,2015-12-01 14:11:03,0.30605738575983
2067,23.3,28.02,37.73,2015-12-01 14:13:33,0.2842720510095643
2068,24.33,27.88,37.79,2015-12-01 14:16:03,0.339001062699256
2069,23.57,28.29,37.63,2015-12-01 14:18:34,0.29861849096705634
2070,23.24,27.97,37.79,2015-12-01 14:21:04,0.28108395324123264
2071,23.85,27.9,37.79,2015-12-01 14:23:34,0.31349628055260365
2072,23.82,27.92,37.79,2015-12-01 14:26:04,0.31190223166843783
2073,23.75,27.88,37.79,2015-12-01 14:28:34,0.308182784272051
2074,23.63,27.88,37.58,2015-12-01 14:31:04,0.3018065887353878
2075,23.62,27.87,37.79,2015-12-01 14:33:34,0.30127523910733267
2076,23.2,27.86,37.79,2015-12-01 14:36:04,0.27895855472901165
2077,23.14,27.88,37.79,2015-12-01 14:38:34,0.27577045696068014
2078,23.12,29.73,35.81,2015-12-01 14:41:04,0.2747077577045696
2079,22.9,29.83,34.81,2015-12-01 14:43:34,0.26301806588735377
2080,23.04,29.83,35.55,2015-12-01 14:46:05,0.2704569606801275
2081,22.87,29.83,35.8,2015-12-01 14:48:35,0.2614240170031881
2082,23.34,29.83,35.44,2015-12-01 14:51:05,0.2863974495217853
2083,23.65,29.13,37.06,2015-12-01 14:53:35,0.3028692879914983
2084,23.38,28.84,37.79,2015-12-01 14:56:05,0.2885228480340063
2085,23.58,28.84,37.79,2015-12-01 14:58:35,0.29914984059511146
2086,23.32,29.77,35.87,2015-12-01 15:01:05,0.2853347502656748
2087,23.21,29.83,35.8,2015-12-01 15:03:35,0.279489904357067
2088,23.55,29.83,35.14,2015-12-01 15:06:05,0.2975557917109458
2089,23.12,29.83,35.04,2015-12-01 15:08:35,0.2747077577045696
2090,23.12,29.83,35.51,2015-12-01 15:11:05,0.2747077577045696
2091,23.77,29.83,34.8,2015-12-01 15:13:36,0.3092454835281615
2092,23.67,29.83,35.44,2015-12-01 15:16:06,0.303931987247609
2093,23.25,29.83,34.81,2015-12-01 15:18:36,0.281615302869288
2094,23.5,29.83,34.8,2015-12-01 15:21:06,0.2948990435706695
2095,24.05,29.83,34.8,2015-12-01 15:23:36,0.3241232731137088
2096,24.03,29.86,34.77,2015-12-01 15:26:06,0.32306057385759834
2097,24.23,29.83,34.8,2015-12-01 15:28:36,0.3336875664187035
2098,23.99,29.83,34.8,2015-12-01 15:31:06,0.32093517534537713
2099,23.79,29.83,34.8,2015-12-01 15:33:36,0.31030818278427197
2100,24.23,29.83,34.8,2015-12-01 15:36:06,0.3336875664187035
2101,23.8,29.83,34.8,2015-12-01 15:38:37,0.3108395324123273
2102,23.45,29.83,35.21,2015-12-01 15:41:07,0.29224229543039315
2103,23.66,29.83,35.17,2015-12-01 15:43:37,0.30340063761955366
2104,23.64,29.83,34.86,2015-12-01 15:46:07,0.30233793836344314
2105,24.09,29.83,34.81,2015-12-01 15:48:37,0.3262486716259298
2106,23.76,29.83,34.99,2015-12-01 15:51:07,0.3087141339001063
2107,23.55,29.83,34.98,2015-12-01 15:53:37,0.2975557917109458
2108,23.68,29.83,34.8,2015-12-01 15:56:07,0.3044633368756641
2109,24.43,29.83,34.8,2015-12-01 15:58:37,0.34431455897980867
2110,23.85,29.84,34.8,2015-12-01 16:01:07,0.31349628055260365
2111,23.55,29.84,34.8,2015-12-01 16:03:37,0.2975557917109458
2112,23.66,30.28,34.38,2015-12-01 16:06:08,0.30340063761955366
2113,23.89,30.55,34.53,2015-12-01 16:08:38,0.31562167906482463
2114,24.19,29.9,34.8,2015-12-01 16:11:08,0.3315621679064825
2115,23.67,29.95,34.8,2015-12-01 16:13:38,0.303931987247609
2116,23.8,30.91,34.69,2015-12-01 16:16:08,0.3108395324123273
2117,23.85,30.82,34.8,2015-12-01 16:18:38,0.31349628055260365
2118,24.57,31.43,34.2,2015-12-01 16:21:08,0.3517534537725823
2119,24.28,31.2,34.43,2015-12-01 16:23:38,0.33634431455897984
2120,24.83,31.82,33.82,2015-12-01 16:26:08,0.365568544102019
2121,24.35,31.82,33.81,2015-12-01 16:28:38,0.3400637619553667
2122,24.42,31.83,33.81,2015-12-01 16:31:08,0.3437832093517535
2123,23.64,31.28,34.36,2015-12-01 16:33:38,0.30233793836344314
2124,23.69,30.84,34.79,2015-12-01 16:36:09,0.30499468650371947
2125,23.71,31.54,34.09,2015-12-01 16:38:39,0.30605738575983
2126,24.01,31.27,34.36,2015-12-01 16:41:09,0.3219978746014878
2127,24.17,31.06,34.57,2015-12-01 16:43:39,0.330499468650372
2128,24.53,31.34,34.3,2015-12-01 16:46:09,0.34962805526036134
2129,24.05,31.68,33.96,2015-12-01 16:48:39,0.3241232731137088
2130,24.03,31.74,33.9,2015-12-01 16:51:09,0.32306057385759834
2131,24.38,31.83,33.81,2015-12-01 16:53:39,0.34165781083953234
2132,23.96,31.83,33.81,2015-12-01 16:56:09,0.3193411264612115
2133,24.53,31.83,33.81,2015-12-01 16:58:39,0.34962805526036134
2134,24.74,31.83,33.81,2015-12-01 17:01:09,0.3607863974495217
2135,24.06,31.37,34.28,2015-12-01 17:03:39,0.324654622741764
2136,23.99,31.5,34.14,2015-12-01 17:06:09,0.32093517534537713
2137,24.07,31.83,33.81,2015-12-01 17:08:39,0.32518597236981933
2138,24.6,31.66,33.98,2015-12-01 17:11:10,0.3533475026567482
2139,23.87,30.87,34.77,2015-12-01 17:13:40,0.31455897980871417
2140,24.53,31.53,34.11,2015-12-01 17:16:10,0.34962805526036134
2141,25.22,31.51,34.13,2015-12-01 17:18:40,0.3862911795961742
2142,24.94,31.82,33.82,2015-12-01 17:21:10,0.371413390010627
2143,25.04,31.66,33.98,2015-12-01 17:23:40,0.3767268862911795
2144,25.17,31.82,33.82,2015-12-01 17:26:10,0.38363443145589804
2145,25.28,31.37,34.27,2015-12-01 17:28:40,0.3894792773645059
2146,25.2,31.31,34.33,2015-12-01 17:31:10,0.3852284803400637
2147,25.46,30.87,34.76,2015-12-01 17:33:40,0.3990435706695005
2148,25.86,31.32,34.31,2015-12-01 17:36:10,0.42029755579171085
2149,26.21,31.34,34.29,2015-12-01 17:38:40,0.43889479277364507
2150,26.27,31.23,34.4,2015-12-01 17:41:10,0.4420828905419765
2151,26.17,31.75,33.88,2015-12-01 17:43:41,0.4367693942614241
2152,25.97,31.57,34.06,2015-12-01 17:46:11,0.4261424017003187
2153,25.18,31.82,33.82,2015-12-01 17:48:41,0.38416578108395316
2154,25.79,31.82,33.81,2015-12-01 17:51:11,0.41657810839532405
2155,26.47,31.23,33.81,2015-12-01 17:53:41,0.4527098831030817
2156,26.5,30.62,34.12,2015-12-01 17:56:11,0.45430393198724756
2157,25.4,30.85,33.82,2015-12-01 17:58:41,0.39585547290116885
2158,25.27,30.87,33.81,2015-12-01 18:01:11,0.38894792773645054
2159,25.68,30.85,33.81,2015-12-01 18:03:41,0.4107332624867162
2160,25.82,30.86,33.81,2015-12-01 18:06:11,0.41817215727948986
2161,25.98,30.84,33.81,2015-12-01 18:08:41,0.42667375132837404
2162,25.21,30.84,33.81,2015-12-01 18:11:11,0.38575982996811903
2163,25.73,30.84,33.81,2015-12-01 18:13:42,0.41339001062699254
2164,26.24,30.83,33.81,2015-12-01 18:16:12,0.4404888416578107
2165,25.66,30.83,33.81,2015-12-01 18:18:42,0.4096705632306057
2166,26.1,30.83,33.81,2015-12-01 18:21:12,0.4330499468650372
2167,25.82,30.83,33.63,2015-12-01 18:23:42,0.41817215727948986
2168,25.66,30.83,33.51,2015-12-01 18:26:12,0.4096705632306057
2169,25.18,30.83,33.61,2015-12-01 18:28:42,0.38416578108395316
2170,24.92,30.83,33.18,2015-12-01 18:31:12,0.37035069075451654
2171,24.69,30.83,33.22,2015-12-01 18:33:42,0.3581296493092455
2172,26.1,30.83,33.05,2015-12-01 18:36:12,0.4330499468650372
2173,25.36,30.83,32.82,2015-12-01 18:38:42,0.39373007438894786
2174,24.7,30.83,32.82,2015-12-01 18:41:12,0.3586609989373007
2175,25.35,30.83,32.82,2015-12-01 18:43:43,0.3931987247608927
2176,25.57,30.83,32.82,2015-12-01 18:46:13,0.40488841657810837
2177,24.82,30.83,32.82,2015-12-01 18:48:43,0.3650371944739638
2178,26.12,30.83,32.82,2015-12-01 18:51:13,0.4341126461211477
2179,24.46,30.83,32.82,2015-12-01 18:53:43,0.3459086078639745
2180,24.51,30.83,32.81,2015-12-01 18:56:13,0.34856535600425087
2181,24.01,30.83,32.82,2015-12-01 18:58:43,0.3219978746014878
2182,24.19,30.9,32.75,2015-12-01 19:01:13,0.3315621679064825
2183,26.08,30.94,32.7,2015-12-01 19:03:43,0.43198724760892654
2184,24.5,31.12,32.52,2015-12-01 19:06:13,0.3480340063761955
2185,24.02,31.43,32.21,2015-12-01 19:08:43,0.322529224229543
2186,24.55,31.42,32.22,2015-12-01 19:11:13,0.35069075451647186
2187,24.56,31.82,31.83,2015-12-01 19:13:44,0.351222104144527
2188,23.93,31.82,31.82,2015-12-01 19:16:14,0.3177470775770457
2189,23.97,31.82,31.82,2015-12-01 19:18:45,0.31987247608926667
2190,24.47,31.83,31.82,2015-12-01 19:21:16,0.34643995749202966
2191,24.34,31.83,31.82,2015-12-01 19:23:46,0.33953241232731135
2192,23.69,31.83,31.82,2015-12-01 19:26:17,0.30499468650371947
2193,24.25,31.83,31.82,2015-12-01 19:28:47,0.334750265674814
2194,24.71,31.83,31.82,2015-12-01 19:31:18,0.35919234856535603
2195,24.47,31.83,31.73,2015-12-01 19:33:48,0.34643995749202966
2196,24.56,31.83,31.71,2015-12-01 19:36:19,0.351222104144527
2197,24.76,31.83,31.69,2015-12-01 19:38:50,0.36184909670563237
2198,24.91,31.83,31.59,2015-12-01 19:41:20,0.3698193411264612
2199,26.23,31.83,31.57,2015-12-01 19:43:50,0.43995749202975554
2200,25.69,31.83,30.89,2015-12-01 19:46:20,0.41126461211477155
2201,26.31,31.83,30.83,2015-12-01 19:48:50,0.4442082890541975
2202,24.07,31.84,30.9,2015-12-01 19:51:20,0.32518597236981933
2203,24.14,31.84,30.87,2015-12-01 19:53:50,0.3289054197662062
2204,24.89,31.84,30.83,2015-12-01 19:56:20,0.3687566418703507
2205,24.38,31.85,30.83,2015-12-01 19:58:50,0.34165781083953234
2206,24.23,31.84,30.83,2015-12-01 20:01:20,0.3336875664187035
2207,24.84,31.85,30.83,2015-12-01 20:03:50,0.36609989373007434
2208,24.42,31.85,30.83,2015-12-01 20:06:21,0.3437832093517535
2209,23.47,31.86,30.88,2015-12-01 20:08:51,0.2933049946865036
2210,23.88,31.85,30.83,2015-12-01 20:11:21,0.3150903294367693
2211,25.04,32.0,30.83,2015-12-01 20:13:51,0.3767268862911795
2212,24.83,32.58,30.83,2015-12-01 20:16:21,0.365568544102019
2213,24.55,32.72,30.83,2015-12-01 20:18:51,0.35069075451647186
2214,24.25,32.82,30.83,2015-12-01 20:21:21,0.334750265674814
2215,23.91,32.82,30.83,2015-12-01 20:23:51,0.31668437832093516
2216,23.43,32.82,30.83,2015-12-01 20:26:21,0.29117959617428263
2217,23.6,32.82,30.83,2015-12-01 20:28:51,0.30021253985122215
2218,23.65,32.82,30.83,2015-12-01 20:31:21,0.3028692879914983
2219,23.71,32.82,30.83,2015-12-01 20:33:51,0.30605738575983
2220,24.23,32.82,30.83,2015-12-01 20:36:22,0.3336875664187035
2221,24.24,32.82,30.83,2015-12-01 20:38:52,0.33421891604675863
2222,24.05,32.82,30.83,2015-12-01 20:41:22,0.3241232731137088
2223,23.72,32.82,30.83,2015-12-01 20:43:52,0.30658873538788517
2224,23.99,32.82,30.83,2015-12-01 20:46:22,0.32093517534537713
2225,23.91,32.82,30.83,2015-12-01 20:48:52,0.31668437832093516
2226,23.95,32.82,30.83,2015-12-01 20:51:22,0.31880977683315614
2227,23.9,32.82,30.83,2015-12-01 20:53:52,0.3161530286928798
2228,23.75,32.83,30.81,2015-12-01 20:56:22,0.308182784272051
2229,23.86,32.82,30.83,2015-12-01 20:58:52,0.3140276301806588
2230,24.61,32.82,30.83,2015-12-01 21:01:22,0.3538788522848033
2231,24.37,33.02,30.62,2015-12-01 21:03:52,0.34112646121147716
2232,24.17,32.94,30.7,2015-12-01 21:06:22,0.330499468650372
2233,24.08,33.02,30.62,2015-12-01 21:08:53,0.3257173219978745
2234,24.1,33.34,30.31,2015-12-01 21:11:23,0.32678002125398514
2235,23.64,33.16,30.49,2015-12-01 21:13:53,0.30233793836344314
2236,24.46,33.81,29.84,2015-12-01 21:16:23,0.3459086078639745
2237,24.09,33.74,29.91,2015-12-01 21:18:53,0.3262486716259298
2238,23.47,33.71,29.94,2015-12-01 21:21:23,0.2933049946865036
2239,23.33,33.28,30.37,2015-12-01 21:23:53,0.28586609989372996
2240,23.57,33.81,29.84,2015-12-01 21:26:23,0.29861849096705634
2241,24.11,33.82,29.83,2015-12-01 21:28:53,0.3273113708820403
2242,23.73,33.82,29.83,2015-12-01 21:31:23,0.3071200850159405
2243,23.84,33.82,29.83,2015-12-01 21:33:53,0.3129649309245483
2244,23.71,33.82,29.83,2015-12-01 21:36:23,0.30605738575983
2245,23.5,33.82,29.83,2015-12-01 21:38:53,0.2948990435706695
2246,22.81,33.83,29.83,2015-12-01 21:41:23,0.25823591923485645
2247,23.42,33.83,29.83,2015-12-01 21:43:53,0.2906482465462275
2248,23.03,33.83,29.83,2015-12-01 21:46:23,0.2699256110520723
2249,23.18,33.83,29.83,2015-12-01 21:48:54,0.27789585547290113
2250,23.77,33.83,29.83,2015-12-01 21:51:24,0.3092454835281615
2251,23.42,33.83,29.83,2015-12-01 21:53:54,0.2906482465462275
2252,23.54,33.84,29.79,2015-12-01 21:56:24,0.29702444208289047
2253,23.2,33.87,29.72,2015-12-01 21:58:54,0.27895855472901165
2254,23.08,33.95,29.77,2015-12-01 22:01:24,0.27258235919234847
2255,22.92,34.26,29.73,2015-12-01 22:03:54,0.26408076514346446
2256,23.0,34.8,29.66,2015-12-01 22:06:24,0.2683315621679065
2257,23.0,34.8,29.78,2015-12-01 22:08:54,0.2683315621679065
2258,23.37,34.8,29.67,2015-12-01 22:11:24,0.2879914984059512
2259,23.4,34.8,29.55,2015-12-01 22:13:54,0.2895855472901168
2260,23.35,34.8,29.53,2015-12-01 22:16:24,0.28692879914984065
2261,23.56,34.8,29.46,2015-12-01 22:18:54,0.298087141339001
2262,23.39,34.81,29.52,2015-12-01 22:21:24,0.28905419766206164
2263,23.04,34.81,29.55,2015-12-01 22:23:55,0.2704569606801275
2264,23.16,34.81,29.64,2015-12-01 22:26:25,0.2768331562167906
2265,23.09,34.81,29.58,2015-12-01 22:28:55,0.2731137088204038
2266,23.9,34.81,29.16,2015-12-01 22:31:25,0.3161530286928798
2267,22.99,34.81,29.45,2015-12-01 22:33:55,0.26780021253985115
2268,22.95,34.81,29.52,2015-12-01 22:36:25,0.2656748140276301
2269,23.14,34.81,29.12,2015-12-01 22:38:55,0.27577045696068014
2270,22.77,34.82,29.31,2015-12-01 22:41:25,0.25611052072263546
2271,23.05,34.82,28.87,2015-12-01 22:43:55,0.2709883103081828
2272,23.82,34.82,28.84,2015-12-01 22:46:25,0.31190223166843783
2273,22.87,34.82,28.84,2015-12-01 22:48:55,0.2614240170031881
2274,22.65,34.82,28.84,2015-12-01 22:51:25,0.24973432518597227
2275,23.43,34.82,28.84,2015-12-01 22:53:55,0.29117959617428263
2276,22.76,34.82,28.84,2015-12-01 22:56:26,0.2555791710945803
2277,22.98,34.83,29.07,2015-12-01 22:58:56,0.26726886291179597
2278,22.75,34.83,28.86,2015-12-01 23:01:26,0.25504782146652494
2279,22.8,34.83,28.84,2015-12-01 23:03:56,0.2577045696068013
2280,22.82,34.83,28.84,2015-12-01 23:06:26,0.2587672688629118
2281,22.72,34.84,28.84,2015-12-01 23:08:56,0.2534537725823591
2282,22.75,34.89,28.84,2015-12-01 23:11:26,0.25504782146652494
2283,22.82,34.99,28.84,2015-12-01 23:13:56,0.2587672688629118
2284,23.01,35.5,28.84,2015-12-01 23:16:26,0.26886291179596183
2285,22.92,35.8,28.84,2015-12-01 23:18:56,0.26408076514346446
2286,22.64,35.8,28.84,2015-12-01 23:21:26,0.24920297555791712
2287,22.69,35.8,28.84,2015-12-01 23:23:56,0.2518597236981935
2288,22.64,35.8,28.84,2015-12-01 23:26:26,0.24920297555791712
2289,22.64,35.8,28.84,2015-12-01 23:28:56,0.24920297555791712
2290,22.42,35.8,28.84,2015-12-01 23:31:26,0.23751328374070146
2291,22.64,35.8,28.84,2015-12-01 23:33:57,0.24920297555791712
2292,22.27,35.81,28.84,2015-12-01 23:36:27,0.22954303931987244
2293,22.43,35.81,28.84,2015-12-01 23:38:57,0.23804463336875661
2294,22.82,35.81,28.84,2015-12-01 23:41:27,0.2587672688629118
2295,22.58,35.81,28.84,2015-12-01 23:43:57,0.24601487778958545
2296,22.83,35.81,28.84,2015-12-01 23:46:27,0.25929861849096697
2297,22.41,35.82,28.84,2015-12-01 23:48:57,0.23698193411264612
2298,22.61,35.82,28.84,2015-12-01 23:51:27,0.24760892667375128
2299,22.91,35.82,28.84,2015-12-01 23:53:57,0.2635494155154091
2300,22.43,35.83,28.84,2015-12-01 23:56:27,0.23804463336875661
2301,22.91,35.84,28.84,2015-12-01 23:58:57,0.2635494155154091
